visitor_location_country_id,visitor_hist_starrating,visitor_hist_adr_usd,prop_country_id,prop_starrating,prop_review_score,prop_brand_bool,prop_location_score1,prop_location_score2,prop_log_historical_price,price_usd,promotion_flag,srch_destination_id,srch_length_of_stay,srch_booking_window,srch_adults_count,srch_children_count,srch_room_count,srch_saturday_night_bool,srch_query_affinity_score,orig_destination_distance,random_bool,comp1_rate,comp1_inv,comp1_rate_percent_diff,comp2_rate,comp2_inv,comp2_rate_percent_diff,comp3_rate,comp3_inv,comp3_rate_percent_diff,comp4_rate,comp4_inv,comp4_rate_percent_diff,comp5_rate,comp5_inv,comp5_rate_percent_diff,comp6_rate,comp6_inv,comp6_rate_percent_diff,comp7_rate,comp7_inv,comp7_rate_percent_diff,comp8_rate,comp8_inv,comp8_rate_percent_diff,booking_bool
187,NULL,NULL,219,3,3.5,1,2.83,0.0438,4.95,104.77,0,23246,1,0,4,0,1,1,NULL,NULL,1,NULL,NULL,NULL,0.0,0.0,NULL,0.0,0.0,NULL,NULL,NULL,NULL,0.0,0.0,NULL,NULL,NULL,NULL,NULL,NULL,NULL,0.0,0.0,NULL,0
187,NULL,NULL,219,4,4,1,2.2,0.0149,5.03,170.74,0,23246,1,0,4,0,1,1,NULL,NULL,1,NULL,NULL,NULL,NULL,NULL,NULL,0.0,0.0,NULL,NULL,NULL,NULL,0.0,1.0,NULL,NULL,NULL,NULL,NULL,NULL,NULL,0.0,0.0,NULL,0
187,NULL,NULL,219,3,4.5,1,2.2,0.0245,4.92,179.8,0,23246,1,0,4,0,1,1,NULL,NULL,1,NULL,NULL,NULL,0.0,0.0,NULL,0.0,0.0,NULL,NULL,NULL,NULL,0.0,0.0,NULL,NULL,NULL,NULL,NULL,NULL,NULL,0.0,0.0,NULL,0
187,NULL,NULL,219,2,4,1,2.83,0.0125,4.39,602.77,0,23246,1,0,4,0,1,1,NULL,NULL,1,NULL,NULL,NULL,-1.0,0.0,5.0,-1.0,0.0,5.0,NULL,NULL,NULL,0.0,1.0,NULL,NULL,NULL,NULL,NULL,NULL,NULL,-1.0,0.0,5.0,0
187,NULL,NULL,219,4,3.5,1,2.64,0.1241,4.93,143.58,0,23246,1,0,4,0,1,1,NULL,NULL,1,NULL,NULL,NULL,0.0,0.0,NULL,0.0,0.0,NULL,NULL,NULL,NULL,0.0,0.0,NULL,NULL,NULL,NULL,NULL,NULL,NULL,0.0,0.0,NULL,0
187,NULL,NULL,219,4,4.5,1,2.77,0.1302,5.2,195.32,0,23246,1,0,4,0,1,1,NULL,NULL,1,NULL,NULL,NULL,NULL,NULL,NULL,0.0,0.0,7.0,NULL,NULL,NULL,0.0,0.0,NULL,NULL,NULL,NULL,NULL,NULL,NULL,0.0,0.0,7.0,0
187,NULL,NULL,219,3,3.5,1,2.2,0.0356,4.81,129.35,0,23246,1,0,4,0,1,1,NULL,NULL,1,NULL,NULL,NULL,0.0,0.0,NULL,0.0,0.0,NULL,NULL,NULL,NULL,NULL,NULL,NULL,NULL,NULL,NULL,NULL,NULL,NULL,0.0,0.0,NULL,0
187,NULL,NULL,219,2,0,0,1.61,NULL,4.14,85.37,0,23246,1,0,4,0,1,1,NULL,NULL,1,NULL,NULL,NULL,NULL,NULL,NULL,NULL,NULL,NULL,NULL,NULL,NULL,NULL,NULL,NULL,NULL,NULL,NULL,NULL,NULL,NULL,NULL,NULL,NULL,0
187,NULL,NULL,219,4,4,1,2.56,0.1238,5.18,150.05,0,23246,1,0,4,0,1,1,NULL,NULL,1,NULL,NULL,NULL,0.0,0.0,NULL,0.0,0.0,NULL,NULL,NULL,NULL,NULL,NULL,NULL,NULL,NULL,NULL,NULL,NULL,NULL,0.0,0.0,6.0,0
187,NULL,NULL,219,4,4,1,2.83,0.1028,5.15,280.69,0,23246,1,0,4,0,1,1,NULL,NULL,1,NULL,NULL,NULL,0.0,0.0,NULL,0.0,0.0,NULL,NULL,NULL,NULL,0.0,0.0,NULL,NULL,NULL,NULL,NULL,NULL,NULL,0.0,0.0,NULL,0
187,NULL,NULL,219,3,0,1,2.2,NULL,5.08,190.14,0,23246,1,0,4,0,1,1,NULL,NULL,1,NULL,NULL,NULL,1.0,0.0,11.0,0.0,0.0,NULL,NULL,NULL,NULL,NULL,NULL,NULL,NULL,NULL,NULL,NULL,NULL,NULL,0.0,0.0,NULL,0
187,NULL,NULL,219,3,3.5,0,2.2,0.0377,4.78,100.89,0,23246,1,0,4,0,1,1,NULL,NULL,1,NULL,NULL,NULL,0.0,0.0,NULL,-1.0,0.0,5.0,NULL,NULL,NULL,NULL,NULL,NULL,NULL,NULL,NULL,NULL,NULL,NULL,1.0,0.0,31.0,0
187,NULL,NULL,219,2,3,1,2.2,0.0206,4.44,100.89,0,23246,1,0,4,0,1,1,NULL,NULL,1,NULL,NULL,NULL,0.0,0.0,11.0,0.0,0.0,NULL,NULL,NULL,NULL,0.0,-1.0,NULL,NULL,NULL,NULL,NULL,NULL,NULL,0.0,0.0,11.0,1
187,NULL,NULL,219,3,4.5,1,2.4,0.1255,5.03,210.84,0,23246,1,0,4,0,1,1,NULL,NULL,1,NULL,NULL,NULL,0.0,0.0,NULL,0.0,0.0,NULL,NULL,NULL,NULL,0.0,0.0,NULL,NULL,NULL,NULL,NULL,NULL,NULL,0.0,0.0,NULL,0
187,NULL,NULL,219,3,4,1,2.3,0.0155,5.03,138.4,0,23246,1,0,4,0,1,1,NULL,NULL,1,NULL,NULL,NULL,0.0,0.0,NULL,0.0,0.0,NULL,NULL,NULL,NULL,0.0,0.0,NULL,NULL,NULL,NULL,NULL,NULL,NULL,0.0,0.0,NULL,0
187,NULL,NULL,219,2,3,1,1.79,0.0072,4.5,100.89,0,23246,1,0,4,0,1,1,NULL,NULL,1,NULL,NULL,NULL,0.0,0.0,NULL,0.0,0.0,8.0,NULL,NULL,NULL,1.0,-1.0,14.0,NULL,NULL,NULL,NULL,NULL,NULL,0.0,0.0,NULL,0
187,NULL,NULL,219,4,4,1,2.94,0.066,5.18,152.63,1,23246,1,0,4,0,1,1,NULL,NULL,1,NULL,NULL,NULL,0.0,0.0,5.0,0.0,0.0,5.0,NULL,NULL,NULL,1.0,0.0,5.0,NULL,NULL,NULL,NULL,NULL,NULL,0.0,0.0,15.0,0
187,NULL,NULL,219,3,3,1,1.39,0.0038,4.8,138.4,0,23246,1,0,4,0,1,1,NULL,NULL,1,NULL,NULL,NULL,0.0,0.0,NULL,0.0,0.0,NULL,NULL,NULL,NULL,NULL,NULL,NULL,NULL,NULL,NULL,NULL,NULL,NULL,0.0,0.0,NULL,0
187,NULL,NULL,219,4,3.5,1,2.77,0.1266,4.98,115.12,0,23246,1,0,4,0,1,1,NULL,NULL,1,NULL,NULL,NULL,0.0,0.0,NULL,0.0,0.0,NULL,NULL,NULL,NULL,0.0,-1.0,NULL,NULL,NULL,NULL,NULL,NULL,NULL,0.0,0.0,NULL,0
187,NULL,NULL,219,4,4,1,2.08,0.015,5.28,191.44,0,23246,1,0,4,0,1,1,NULL,NULL,1,NULL,NULL,NULL,NULL,NULL,NULL,0.0,0.0,5.0,NULL,NULL,NULL,0.0,0.0,NULL,NULL,NULL,NULL,NULL,NULL,NULL,0.0,0.0,5.0,0
187,NULL,NULL,219,3,4,1,2.71,0.0359,4.71,122.88,0,23246,1,0,4,0,1,1,NULL,NULL,1,NULL,NULL,NULL,0.0,0.0,12.0,0.0,0.0,6.0,NULL,NULL,NULL,NULL,NULL,NULL,NULL,NULL,NULL,NULL,NULL,NULL,0.0,0.0,NULL,0
187,NULL,NULL,219,4,3.5,1,2.4,0.1149,4.93,139.7,0,23246,1,0,4,0,1,1,NULL,NULL,1,NULL,NULL,NULL,NULL,NULL,NULL,0.0,0.0,29.0,NULL,NULL,NULL,NULL,1.0,NULL,NULL,NULL,NULL,NULL,NULL,NULL,-1.0,0.0,27.0,0
187,NULL,NULL,219,2,3.5,1,2.83,0.0145,4.68,115.12,0,23246,1,0,4,0,1,1,NULL,NULL,1,NULL,NULL,NULL,0.0,0.0,NULL,0.0,0.0,5.0,NULL,NULL,NULL,1.0,1.0,9.0,NULL,NULL,NULL,NULL,NULL,NULL,-1.0,0.0,5.0,0
187,NULL,NULL,219,2,3.5,1,2.71,0.0465,4.44,128.06,0,23246,1,0,4,0,1,1,NULL,NULL,1,NULL,NULL,NULL,0.0,0.0,23.0,0.0,0.0,10.0,NULL,NULL,NULL,1.0,-1.0,3.0,NULL,NULL,NULL,NULL,NULL,NULL,0.0,0.0,14.0,0
187,NULL,NULL,219,3,4.5,1,2.2,0.0164,5.02,181.09,0,23246,1,0,4,0,1,1,NULL,NULL,1,NULL,NULL,NULL,0.0,0.0,NULL,0.0,0.0,NULL,NULL,NULL,NULL,0.0,0.0,NULL,NULL,NULL,NULL,NULL,NULL,NULL,0.0,0.0,NULL,0
187,NULL,NULL,219,3,2.5,1,0.69,0.0071,4.67,120.29,0,23246,1,0,4,0,1,1,NULL,NULL,1,NULL,NULL,NULL,0.0,0.0,NULL,0.0,0.0,NULL,NULL,NULL,NULL,NULL,NULL,NULL,NULL,NULL,NULL,NULL,NULL,NULL,0.0,0.0,NULL,0
187,NULL,NULL,219,2,3.5,1,1.61,0.0052,4.67,104.77,0,23246,1,0,4,0,1,1,NULL,NULL,1,NULL,NULL,NULL,NULL,NULL,NULL,NULL,NULL,NULL,NULL,NULL,NULL,NULL,-1.0,NULL,NULL,NULL,NULL,NULL,NULL,NULL,NULL,NULL,NULL,0
187,NULL,NULL,219,3,4.5,1,2.3,0.0032,5.46,190.14,0,23246,1,0,4,0,1,1,NULL,NULL,1,NULL,NULL,NULL,0.0,0.0,NULL,0.0,0.0,NULL,NULL,NULL,NULL,0.0,0.0,NULL,NULL,NULL,NULL,NULL,NULL,NULL,0.0,0.0,NULL,0
219,NULL,NULL,219,4,4,0,3.22,0.2544,5.98,295,0,12588,2,46,1,0,1,1,NULL,238.35,1,NULL,NULL,NULL,NULL,NULL,NULL,NULL,NULL,NULL,NULL,NULL,NULL,NULL,NULL,NULL,NULL,NULL,NULL,NULL,NULL,NULL,NULL,NULL,NULL,0
219,NULL,NULL,219,4,4,0,2.71,NULL,5.64,299,0,12588,2,46,1,0,1,1,NULL,238.34,1,NULL,NULL,NULL,NULL,NULL,NULL,NULL,NULL,NULL,NULL,NULL,NULL,NULL,NULL,NULL,NULL,NULL,NULL,NULL,NULL,NULL,NULL,NULL,NULL,0
219,NULL,NULL,219,5,4.5,1,3.22,0.1924,6.1,373,1,12588,2,46,1,0,1,1,NULL,238.33,1,NULL,NULL,NULL,NULL,NULL,NULL,NULL,NULL,NULL,NULL,NULL,NULL,NULL,NULL,NULL,NULL,NULL,NULL,NULL,NULL,NULL,NULL,NULL,NULL,0
219,NULL,NULL,219,3,4,0,3.26,0.3729,5.74,329,0,12588,2,46,1,0,1,1,NULL,238.29,1,NULL,NULL,NULL,NULL,NULL,NULL,NULL,NULL,NULL,NULL,NULL,NULL,NULL,NULL,NULL,NULL,NULL,NULL,NULL,NULL,NULL,NULL,NULL,NULL,0
219,NULL,NULL,219,5,4.5,0,3.09,0.2508,6.21,600,0,12588,2,46,1,0,1,1,NULL,238.35,1,NULL,NULL,NULL,NULL,NULL,NULL,NULL,NULL,NULL,NULL,NULL,NULL,NULL,NULL,NULL,NULL,NULL,NULL,NULL,NULL,NULL,NULL,NULL,NULL,0
219,NULL,NULL,219,4,4,1,3.09,0.1692,5.69,365,0,12588,2,46,1,0,1,1,NULL,237.94,1,NULL,NULL,NULL,NULL,NULL,NULL,NULL,NULL,NULL,NULL,NULL,NULL,NULL,NULL,NULL,NULL,NULL,NULL,NULL,NULL,NULL,NULL,NULL,NULL,0
219,NULL,NULL,219,4,4.5,0,3.26,0.3582,5.73,331,1,12588,2,46,1,0,1,1,NULL,238.32,1,NULL,NULL,NULL,NULL,NULL,NULL,NULL,NULL,NULL,NULL,NULL,NULL,NULL,NULL,NULL,NULL,NULL,NULL,NULL,NULL,NULL,NULL,NULL,NULL,0
219,NULL,NULL,219,4,4.5,1,3.09,0.1417,5.92,329,0,12588,2,46,1,0,1,1,NULL,238.3,1,NULL,NULL,NULL,NULL,NULL,NULL,NULL,NULL,NULL,NULL,NULL,NULL,NULL,NULL,NULL,NULL,NULL,NULL,NULL,NULL,NULL,NULL,NULL,NULL,0
219,NULL,NULL,219,4,4.5,0,3.26,0.3246,5.91,259,0,12588,2,46,1,0,1,1,NULL,238.33,1,NULL,NULL,NULL,NULL,NULL,NULL,NULL,NULL,NULL,NULL,NULL,NULL,NULL,NULL,NULL,NULL,NULL,NULL,NULL,NULL,NULL,NULL,NULL,NULL,0
219,NULL,NULL,219,4,4.5,1,1.1,0.0149,5.55,335,0,12588,2,46,1,0,1,1,NULL,238.54,1,NULL,NULL,NULL,NULL,NULL,NULL,NULL,NULL,NULL,NULL,NULL,NULL,NULL,NULL,NULL,NULL,NULL,NULL,NULL,NULL,NULL,NULL,NULL,NULL,0
219,NULL,NULL,219,0,4.5,0,1.61,0.0823,5.39,219,0,12588,2,46,1,0,1,1,NULL,236.91,1,NULL,NULL,NULL,NULL,NULL,NULL,NULL,NULL,NULL,NULL,NULL,NULL,NULL,NULL,NULL,NULL,NULL,NULL,NULL,NULL,NULL,NULL,NULL,NULL,0
219,NULL,NULL,219,4,3,1,1.79,NULL,5.79,267,0,12588,2,46,1,0,1,1,NULL,238.4,1,NULL,NULL,NULL,NULL,NULL,NULL,NULL,NULL,NULL,NULL,NULL,NULL,NULL,NULL,NULL,NULL,NULL,NULL,NULL,NULL,NULL,NULL,NULL,NULL,0
219,NULL,NULL,219,2,3.5,0,3.09,0.223,5.08,194,0,12588,2,46,1,0,1,1,NULL,238.31,1,NULL,NULL,NULL,NULL,NULL,NULL,NULL,NULL,NULL,NULL,NULL,NULL,NULL,NULL,NULL,NULL,NULL,NULL,NULL,NULL,NULL,NULL,NULL,NULL,0
219,NULL,NULL,219,1,2,0,0.69,0.0131,4.29,70,0,12588,2,46,1,0,1,1,NULL,236.59,1,NULL,NULL,NULL,NULL,NULL,NULL,NULL,NULL,NULL,NULL,NULL,NULL,NULL,NULL,NULL,NULL,NULL,NULL,NULL,NULL,NULL,NULL,NULL,NULL,0
219,NULL,NULL,219,2,3.5,0,3.22,0.3696,5.52,189,0,12588,2,46,1,0,1,1,NULL,238.3,1,NULL,NULL,NULL,NULL,NULL,NULL,NULL,NULL,NULL,NULL,NULL,NULL,NULL,NULL,NULL,NULL,NULL,NULL,NULL,NULL,NULL,NULL,NULL,NULL,0
219,NULL,NULL,219,0,4,0,0.69,NULL,5.56,289,0,12588,2,46,1,0,1,1,NULL,234.51,1,NULL,NULL,NULL,NULL,NULL,NULL,NULL,NULL,NULL,NULL,NULL,NULL,NULL,NULL,NULL,NULL,NULL,NULL,NULL,NULL,NULL,NULL,NULL,NULL,0
219,NULL,NULL,219,3,3.5,0,3.26,0.3431,5.6,219,0,12588,2,46,1,0,1,1,NULL,238.33,1,NULL,NULL,NULL,NULL,NULL,NULL,NULL,NULL,NULL,NULL,NULL,NULL,NULL,NULL,NULL,NULL,NULL,NULL,NULL,NULL,NULL,NULL,NULL,NULL,0
219,NULL,NULL,219,4,4.5,0,2.77,0.0362,5.85,405,0,12588,2,46,1,0,1,1,NULL,238.4,1,NULL,NULL,NULL,NULL,NULL,NULL,NULL,NULL,NULL,NULL,NULL,NULL,NULL,NULL,NULL,NULL,NULL,NULL,NULL,NULL,NULL,NULL,NULL,NULL,0
219,NULL,NULL,219,4,4,1,3.18,0.3483,5.92,330,0,12588,2,46,1,0,1,1,NULL,238.29,1,NULL,NULL,NULL,NULL,NULL,NULL,NULL,NULL,NULL,NULL,NULL,NULL,NULL,NULL,NULL,NULL,NULL,NULL,NULL,NULL,NULL,NULL,NULL,NULL,0
219,NULL,NULL,219,2,4,1,0.69,0.0408,5.14,135,0,12588,2,46,1,0,1,1,NULL,236.0,1,NULL,NULL,NULL,NULL,NULL,NULL,NULL,NULL,NULL,NULL,NULL,NULL,NULL,NULL,NULL,NULL,NULL,NULL,NULL,NULL,NULL,NULL,NULL,NULL,0
219,NULL,NULL,219,3,4,0,1.1,NULL,5.36,169,1,12588,2,46,1,0,1,1,NULL,234.1,1,NULL,NULL,NULL,NULL,NULL,NULL,NULL,NULL,NULL,NULL,NULL,NULL,NULL,NULL,NULL,NULL,NULL,NULL,NULL,NULL,NULL,NULL,NULL,NULL,0
219,NULL,NULL,219,4,4.5,1,3.18,0.2742,5.6,255,1,12588,2,46,1,0,1,1,NULL,238.06,1,NULL,NULL,NULL,NULL,NULL,NULL,NULL,NULL,NULL,NULL,NULL,NULL,NULL,NULL,NULL,NULL,NULL,NULL,NULL,NULL,NULL,NULL,NULL,NULL,0
219,NULL,NULL,219,4,4,1,3.22,0.3611,6.04,408,0,12588,2,46,1,0,1,1,NULL,238.3,1,NULL,NULL,NULL,NULL,NULL,NULL,NULL,NULL,NULL,NULL,NULL,NULL,NULL,NULL,NULL,NULL,NULL,NULL,NULL,NULL,NULL,NULL,NULL,NULL,0
219,NULL,NULL,219,4,4.5,1,3.18,0.3138,6.08,323,1,12588,2,46,1,0,1,1,NULL,238.28,1,NULL,NULL,NULL,NULL,NULL,NULL,NULL,NULL,NULL,NULL,NULL,NULL,NULL,NULL,NULL,NULL,NULL,NULL,NULL,NULL,NULL,NULL,NULL,NULL,0
219,NULL,NULL,219,2,4,0,2.4,NULL,5.14,139,1,12588,2,46,1,0,1,1,NULL,233.87,1,NULL,NULL,NULL,NULL,NULL,NULL,NULL,NULL,NULL,NULL,NULL,NULL,NULL,NULL,NULL,NULL,NULL,NULL,NULL,NULL,NULL,NULL,NULL,NULL,0
219,NULL,NULL,219,2,4,0,2.4,NULL,5.12,139,0,12588,2,46,1,0,1,1,NULL,238.43,1,NULL,NULL,NULL,0.0,0.0,NULL,0.0,0.0,NULL,NULL,NULL,NULL,0.0,0.0,NULL,NULL,NULL,NULL,NULL,NULL,NULL,0.0,0.0,NULL,0
219,NULL,NULL,219,3,4,1,1.61,0.0969,5.28,159,1,12588,2,46,1,0,1,1,NULL,236.91,1,NULL,NULL,NULL,NULL,NULL,NULL,NULL,NULL,NULL,NULL,NULL,NULL,NULL,NULL,NULL,NULL,NULL,NULL,NULL,NULL,NULL,NULL,NULL,NULL,0
219,NULL,NULL,219,2,2.5,0,3,0.0457,5.25,79,0,12588,2,46,1,0,1,1,NULL,237.73,1,NULL,NULL,NULL,NULL,NULL,NULL,NULL,NULL,NULL,NULL,NULL,NULL,NULL,NULL,NULL,NULL,NULL,NULL,NULL,NULL,NULL,NULL,NULL,NULL,0
219,NULL,NULL,219,3,3.5,0,1.79,NULL,4.82,160,0,12588,2,46,1,0,1,1,NULL,238.38,1,NULL,NULL,NULL,NULL,NULL,NULL,NULL,NULL,NULL,NULL,NULL,NULL,NULL,NULL,NULL,NULL,NULL,NULL,NULL,NULL,NULL,NULL,NULL,NULL,0
219,NULL,NULL,219,5,4.5,0,3.09,0.2677,6.14,525,0,12588,2,46,1,0,1,1,NULL,238.34,1,NULL,NULL,NULL,NULL,NULL,NULL,NULL,NULL,NULL,NULL,NULL,NULL,NULL,NULL,NULL,NULL,NULL,NULL,NULL,NULL,NULL,NULL,NULL,NULL,0
219,NULL,NULL,219,2,3,0,3.26,0.3147,5.25,181,0,12588,2,46,1,0,1,1,NULL,238.21,1,NULL,NULL,NULL,NULL,NULL,NULL,NULL,NULL,NULL,NULL,NULL,NULL,NULL,NULL,NULL,NULL,NULL,NULL,NULL,NULL,NULL,NULL,NULL,NULL,0
219,NULL,NULL,219,2,3,1,1.61,0.0309,5.25,129,0,12588,2,46,1,0,1,1,NULL,236.14,1,NULL,NULL,NULL,NULL,NULL,NULL,NULL,NULL,NULL,NULL,NULL,NULL,NULL,NULL,NULL,NULL,NULL,NULL,NULL,NULL,NULL,NULL,NULL,NULL,0
100,NULL,NULL,100,0,2,0,1.95,NULL,0,97.63,0,21106,1,5,2,0,1,0,NULL,652.84,0,NULL,NULL,NULL,NULL,NULL,NULL,NULL,NULL,NULL,NULL,NULL,NULL,NULL,0.0,NULL,NULL,NULL,NULL,NULL,NULL,NULL,NULL,NULL,NULL,0
100,NULL,NULL,100,0,5,0,1.95,NULL,0,115.03,0,21106,1,5,2,0,1,0,NULL,652.84,0,NULL,NULL,NULL,NULL,NULL,NULL,NULL,NULL,NULL,NULL,NULL,NULL,NULL,0.0,NULL,NULL,NULL,NULL,NULL,NULL,NULL,NULL,NULL,NULL,0
100,NULL,NULL,100,2,0,1,1.95,NULL,0,86.03,0,21106,1,5,2,0,1,0,NULL,652.85,0,NULL,NULL,NULL,NULL,NULL,NULL,NULL,NULL,NULL,NULL,NULL,NULL,NULL,NULL,NULL,NULL,NULL,NULL,NULL,NULL,NULL,NULL,NULL,NULL,0
100,NULL,NULL,100,3,4,1,1.95,NULL,0,145,0,21106,1,5,2,0,1,0,NULL,652.84,0,NULL,NULL,NULL,NULL,NULL,NULL,NULL,NULL,NULL,NULL,NULL,NULL,NULL,NULL,NULL,NULL,NULL,NULL,NULL,NULL,NULL,NULL,NULL,NULL,1
100,NULL,NULL,100,2,4.5,1,1.95,NULL,0,183.66,0,21106,1,5,2,0,1,0,NULL,652.78,0,NULL,NULL,NULL,NULL,NULL,NULL,NULL,NULL,NULL,NULL,NULL,NULL,NULL,NULL,NULL,NULL,NULL,NULL,NULL,NULL,NULL,NULL,NULL,NULL,0
219,NULL,NULL,219,3,3.5,1,1.39,0.0321,4.64,82,0,7082,1,0,1,0,1,0,NULL,5.4,0,NULL,NULL,NULL,0.0,0.0,NULL,0.0,0.0,NULL,NULL,NULL,NULL,NULL,NULL,NULL,NULL,NULL,NULL,NULL,NULL,NULL,0.0,0.0,NULL,0
219,NULL,NULL,219,4,4.5,1,0,NULL,5.49,160,1,7082,1,0,1,0,1,0,NULL,3.98,0,NULL,NULL,NULL,NULL,NULL,NULL,0.0,0.0,NULL,NULL,NULL,NULL,1.0,0.0,42.0,NULL,NULL,NULL,NULL,NULL,NULL,1.0,0.0,43.0,0
219,NULL,NULL,219,4,4,1,2.83,0.2251,5.11,259,0,7082,1,0,1,0,1,0,NULL,4.41,0,NULL,NULL,NULL,0.0,0.0,NULL,-1.0,0.0,7.0,NULL,NULL,NULL,0.0,0.0,7.0,NULL,NULL,NULL,NULL,NULL,NULL,-1.0,0.0,7.0,0
219,NULL,NULL,219,3,3.5,1,3,0.2107,4.62,85,0,7082,1,0,1,0,1,0,NULL,4.17,0,NULL,NULL,NULL,NULL,NULL,NULL,0.0,0.0,NULL,NULL,NULL,NULL,NULL,1.0,NULL,NULL,NULL,NULL,NULL,NULL,NULL,0.0,0.0,NULL,1
219,NULL,NULL,219,3,4,1,0,NULL,4.81,109,0,7082,1,0,1,0,1,0,NULL,3.69,0,NULL,NULL,NULL,1.0,0.0,4.0,-1.0,0.0,9.0,NULL,NULL,NULL,NULL,NULL,NULL,NULL,NULL,NULL,NULL,NULL,NULL,0.0,0.0,NULL,0
219,NULL,NULL,219,3,4.5,1,2.3,0.0516,5.18,199,0,7082,1,0,1,0,1,0,NULL,4.45,0,NULL,NULL,NULL,NULL,1.0,NULL,NULL,NULL,NULL,NULL,NULL,NULL,NULL,1.0,NULL,NULL,NULL,NULL,NULL,NULL,NULL,NULL,1.0,NULL,0
219,NULL,NULL,219,3,3.5,1,3.14,0.1393,4.89,119,1,7082,1,0,1,0,1,0,NULL,3.83,0,NULL,NULL,NULL,0.0,0.0,NULL,0.0,0.0,NULL,NULL,NULL,NULL,0.0,0.0,NULL,NULL,NULL,NULL,NULL,NULL,NULL,0.0,0.0,NULL,0
219,NULL,NULL,219,3,4.5,1,1.39,0.1,4.82,119,1,7082,1,0,1,0,1,0,NULL,5.07,0,NULL,NULL,NULL,0.0,0.0,NULL,1.0,0.0,25.0,NULL,NULL,NULL,0.0,0.0,NULL,NULL,NULL,NULL,NULL,NULL,NULL,0.0,0.0,NULL,0
219,NULL,NULL,219,2,3.5,1,1.61,0.0813,4.55,80,0,7082,1,0,1,0,1,0,NULL,4.85,0,NULL,NULL,NULL,0.0,0.0,NULL,0.0,0.0,NULL,NULL,NULL,NULL,0.0,0.0,NULL,NULL,NULL,NULL,NULL,NULL,NULL,0.0,0.0,NULL,0
219,NULL,NULL,219,3,4.5,1,1.79,0.0432,5.1,189,0,7082,1,0,1,0,1,0,NULL,1.64,0,NULL,NULL,NULL,0.0,0.0,NULL,1.0,0.0,5.0,NULL,NULL,NULL,0.0,0.0,NULL,NULL,NULL,NULL,NULL,NULL,NULL,0.0,0.0,NULL,0
219,NULL,NULL,219,2,3.5,1,0,NULL,4.44,66,0,7082,1,0,1,0,1,0,NULL,8.77,0,NULL,NULL,NULL,0.0,0.0,NULL,0.0,0.0,NULL,NULL,NULL,NULL,0.0,0.0,NULL,NULL,NULL,NULL,NULL,NULL,NULL,0.0,0.0,NULL,0
219,NULL,NULL,219,0,0,0,1.79,NULL,4.71,150,0,7082,1,0,1,0,1,0,NULL,0.54,0,NULL,NULL,NULL,NULL,NULL,NULL,NULL,NULL,NULL,NULL,NULL,NULL,NULL,NULL,NULL,NULL,NULL,NULL,NULL,NULL,NULL,NULL,NULL,NULL,0
219,NULL,NULL,219,3,4.5,1,1.39,NULL,5.36,209,0,7082,1,0,1,0,1,0,NULL,1.49,0,NULL,NULL,NULL,0.0,0.0,NULL,0.0,0.0,NULL,NULL,NULL,NULL,0.0,0.0,NULL,NULL,NULL,NULL,NULL,NULL,NULL,0.0,1.0,NULL,0
219,NULL,NULL,219,4,4.5,1,1.39,NULL,5.34,239,0,7082,1,0,1,0,1,0,NULL,1.41,0,NULL,NULL,NULL,NULL,1.0,NULL,NULL,NULL,NULL,NULL,NULL,NULL,NULL,1.0,NULL,NULL,NULL,NULL,NULL,NULL,NULL,NULL,1.0,NULL,0
219,NULL,NULL,219,4,4.5,1,2.89,0.2295,5.39,259,0,7082,1,0,1,0,1,0,NULL,4.34,0,NULL,NULL,NULL,0.0,0.0,NULL,0.0,0.0,NULL,NULL,NULL,NULL,NULL,1.0,NULL,NULL,NULL,NULL,NULL,NULL,NULL,0.0,0.0,NULL,0
219,NULL,NULL,219,3,4.5,1,1.39,0.0883,5.14,189,0,7082,1,0,1,0,1,0,NULL,4.8,0,NULL,NULL,NULL,NULL,NULL,NULL,0.0,0.0,NULL,NULL,NULL,NULL,0.0,0.0,NULL,NULL,NULL,NULL,NULL,NULL,NULL,0.0,0.0,NULL,0
219,NULL,NULL,219,3,4.5,1,2.94,0.0731,5.12,239,0,7082,1,0,1,0,1,0,NULL,4.05,0,NULL,NULL,NULL,NULL,1.0,NULL,NULL,NULL,NULL,NULL,NULL,NULL,NULL,1.0,NULL,NULL,NULL,NULL,NULL,NULL,NULL,NULL,1.0,NULL,0
219,NULL,NULL,219,5,4.5,0,2.56,0.1592,5.7,259,0,7082,1,0,1,0,1,0,NULL,4.52,0,NULL,NULL,NULL,NULL,NULL,NULL,NULL,NULL,NULL,NULL,NULL,NULL,NULL,NULL,NULL,NULL,NULL,NULL,NULL,NULL,NULL,NULL,NULL,NULL,0
219,NULL,NULL,219,3,3.5,1,1.95,NULL,4.76,93,0,7082,1,0,1,0,1,0,NULL,1.16,0,NULL,NULL,NULL,0.0,0.0,NULL,0.0,0.0,NULL,NULL,NULL,NULL,NULL,NULL,NULL,NULL,NULL,NULL,NULL,NULL,NULL,0.0,1.0,NULL,0
219,NULL,NULL,219,3,4,1,3,0.2427,4.97,149,0,7082,1,0,1,0,1,0,NULL,4.26,0,NULL,NULL,NULL,0.0,0.0,NULL,0.0,0.0,NULL,NULL,NULL,NULL,0.0,0.0,NULL,NULL,NULL,NULL,NULL,NULL,NULL,0.0,0.0,NULL,0
219,NULL,NULL,219,3,4.5,1,1.79,0.0434,4.99,189,0,7082,1,0,1,0,1,0,NULL,1.61,0,NULL,NULL,NULL,-1.0,0.0,5.0,0.0,0.0,NULL,NULL,NULL,NULL,0.0,0.0,5.0,NULL,NULL,NULL,NULL,NULL,NULL,0.0,0.0,NULL,0
219,NULL,NULL,219,2,4,1,2.3,NULL,3.91,47,0,12610,1,39,2,0,1,1,NULL,284.56,1,NULL,NULL,NULL,1.0,0.0,12.0,0.0,0.0,NULL,NULL,NULL,NULL,NULL,NULL,NULL,NULL,NULL,NULL,NULL,NULL,NULL,1.0,0.0,12.0,0
219,NULL,NULL,219,3,4.5,1,1.95,NULL,5.17,84,0,12610,1,39,2,0,1,1,NULL,288.12,1,NULL,NULL,NULL,0.0,1.0,NULL,0.0,0.0,NULL,NULL,NULL,NULL,1.0,0.0,20.0,NULL,NULL,NULL,NULL,NULL,NULL,0.0,0.0,NULL,0
219,NULL,NULL,219,2,3,1,1.61,NULL,4.1,50,0,12610,1,39,2,0,1,1,NULL,275.55,1,NULL,NULL,NULL,NULL,NULL,NULL,NULL,NULL,NULL,NULL,NULL,NULL,NULL,NULL,NULL,NULL,NULL,NULL,NULL,NULL,NULL,NULL,NULL,NULL,0
219,NULL,NULL,219,2,3.5,1,1.39,NULL,4.37,60,0,12610,1,39,2,0,1,1,NULL,275.42,1,NULL,NULL,NULL,NULL,NULL,NULL,NULL,NULL,NULL,NULL,NULL,NULL,NULL,NULL,NULL,NULL,NULL,NULL,NULL,NULL,NULL,NULL,NULL,NULL,0
219,NULL,NULL,219,2,3.5,1,2.2,NULL,4.11,45,0,12610,1,39,2,0,1,1,NULL,284.67,1,NULL,NULL,NULL,0.0,0.0,NULL,0.0,0.0,NULL,NULL,NULL,NULL,NULL,NULL,NULL,NULL,NULL,NULL,NULL,NULL,NULL,0.0,0.0,NULL,0
219,NULL,NULL,219,3,4,1,0.69,0.1099,4.94,119,0,12610,1,39,2,0,1,1,NULL,278.73,1,NULL,NULL,NULL,0.0,0.0,NULL,0.0,0.0,NULL,NULL,NULL,NULL,0.0,0.0,NULL,NULL,NULL,NULL,NULL,NULL,NULL,0.0,0.0,NULL,0
219,NULL,NULL,219,3,5,1,2.08,NULL,5.07,89,0,12610,1,39,2,0,1,1,NULL,287.79,1,NULL,NULL,NULL,NULL,1.0,NULL,0.0,0.0,NULL,NULL,NULL,NULL,0.0,0.0,NULL,NULL,NULL,NULL,NULL,NULL,NULL,0.0,0.0,NULL,0
219,NULL,NULL,219,3,4.5,1,1.1,0.1626,4.7,85,0,12610,1,39,2,0,1,1,NULL,279.74,1,NULL,NULL,NULL,0.0,0.0,NULL,0.0,0.0,NULL,NULL,NULL,NULL,NULL,NULL,NULL,NULL,NULL,NULL,NULL,NULL,NULL,0.0,0.0,NULL,0
219,NULL,NULL,219,3,4.5,1,1.61,0.2046,4.73,79,0,12610,1,39,2,0,1,1,NULL,280.57,1,NULL,NULL,NULL,0.0,0.0,NULL,0.0,0.0,NULL,NULL,NULL,NULL,0.0,0.0,NULL,NULL,NULL,NULL,NULL,NULL,NULL,0.0,0.0,NULL,0
219,NULL,NULL,219,3,5,1,1.1,NULL,5.03,98,0,12610,1,39,2,0,1,1,NULL,283.87,1,NULL,NULL,NULL,NULL,1.0,NULL,0.0,0.0,NULL,NULL,NULL,NULL,0.0,0.0,NULL,NULL,NULL,NULL,NULL,NULL,NULL,0.0,0.0,NULL,0
219,NULL,NULL,219,3,4,1,2.08,NULL,4.99,153,0,12610,1,39,2,0,1,1,NULL,287.83,1,NULL,NULL,NULL,0.0,0.0,NULL,NULL,NULL,NULL,NULL,NULL,NULL,NULL,NULL,NULL,NULL,NULL,NULL,NULL,NULL,NULL,0.0,0.0,NULL,0
219,NULL,NULL,219,3,4,1,2.4,NULL,4.58,60,0,12610,1,39,2,0,1,1,NULL,284.42,1,NULL,NULL,NULL,-1.0,0.0,10.0,-1.0,1.0,10.0,NULL,NULL,NULL,NULL,NULL,NULL,NULL,NULL,NULL,NULL,NULL,NULL,-1.0,0.0,10.0,0
219,NULL,NULL,219,3,4.5,1,2.08,NULL,4.95,84,0,12610,1,39,2,0,1,1,NULL,287.82,1,NULL,NULL,NULL,0.0,0.0,11.0,0.0,0.0,11.0,NULL,NULL,NULL,NULL,NULL,NULL,NULL,NULL,NULL,NULL,NULL,NULL,0.0,0.0,11.0,0
219,NULL,NULL,219,3,0,1,2.08,NULL,4.84,76,0,12610,1,39,2,0,1,1,NULL,288.1,1,NULL,NULL,NULL,NULL,NULL,NULL,0.0,0.0,NULL,NULL,NULL,NULL,NULL,NULL,NULL,NULL,NULL,NULL,NULL,NULL,NULL,0.0,0.0,NULL,0
219,NULL,NULL,219,2,3.5,1,1.61,NULL,4.92,65,0,12610,1,39,2,0,1,1,NULL,287.66,1,NULL,NULL,NULL,0.0,0.0,NULL,0.0,0.0,NULL,NULL,NULL,NULL,0.0,0.0,NULL,NULL,NULL,NULL,NULL,NULL,NULL,0.0,0.0,NULL,0
219,NULL,NULL,219,2,2.5,1,2.2,NULL,4.22,34,0,12610,1,39,2,0,1,1,NULL,284.47,1,NULL,NULL,NULL,0.0,-1.0,NULL,0.0,-1.0,NULL,NULL,NULL,NULL,1.0,-1.0,17.0,NULL,NULL,NULL,NULL,NULL,NULL,0.0,-1.0,NULL,0
219,NULL,NULL,219,3,5,1,0,NULL,4.91,75,0,12610,1,39,2,0,1,1,NULL,287.02,1,NULL,NULL,NULL,0.0,1.0,NULL,0.0,0.0,NULL,NULL,NULL,NULL,0.0,0.0,NULL,NULL,NULL,NULL,NULL,NULL,NULL,0.0,0.0,NULL,0
219,NULL,NULL,219,3,4.5,1,0.69,0.1555,4.68,74,0,12610,1,39,2,0,1,1,NULL,279.07,1,NULL,NULL,NULL,NULL,NULL,NULL,1.0,0.0,20.0,NULL,NULL,NULL,1.0,0.0,20.0,NULL,NULL,NULL,NULL,NULL,NULL,1.0,0.0,20.0,0
219,NULL,NULL,219,3,4.5,1,0,NULL,4.88,93,0,12610,1,39,2,0,1,1,NULL,276.98,1,NULL,NULL,NULL,NULL,NULL,NULL,NULL,NULL,NULL,NULL,NULL,NULL,NULL,NULL,NULL,NULL,NULL,NULL,NULL,NULL,NULL,NULL,NULL,NULL,0
219,NULL,NULL,219,3,5,1,2.08,NULL,4.95,93,0,12610,1,39,2,0,1,1,NULL,287.89,1,NULL,NULL,NULL,NULL,NULL,NULL,-1.0,0.0,9.0,NULL,NULL,NULL,-1.0,0.0,9.0,NULL,NULL,NULL,NULL,NULL,NULL,-1.0,0.0,9.0,0
219,NULL,NULL,219,2,3.5,1,1.79,NULL,3.87,60,0,12610,1,39,2,0,1,1,NULL,283.89,1,NULL,NULL,NULL,0.0,0.0,NULL,NULL,1.0,NULL,NULL,NULL,NULL,NULL,NULL,NULL,NULL,NULL,NULL,NULL,NULL,NULL,-1.0,0.0,10.0,0
219,NULL,NULL,219,4,4.5,1,2.08,NULL,5.24,123,0,12610,1,39,2,0,1,1,NULL,288.09,1,NULL,NULL,NULL,NULL,1.0,NULL,0.0,0.0,NULL,NULL,NULL,NULL,0.0,0.0,NULL,NULL,NULL,NULL,NULL,NULL,NULL,-1.0,0.0,7.0,0
219,NULL,NULL,219,2,3,1,1.95,NULL,4.31,70,0,12610,1,39,2,0,1,1,NULL,285.8,1,NULL,NULL,NULL,0.0,0.0,NULL,0.0,0.0,NULL,NULL,NULL,NULL,NULL,NULL,NULL,NULL,NULL,NULL,NULL,NULL,NULL,0.0,0.0,NULL,0
219,NULL,NULL,219,2,3,1,2.2,NULL,4.01,51,0,12610,1,39,2,0,1,1,NULL,284.72,1,NULL,NULL,NULL,0.0,0.0,NULL,0.0,0.0,NULL,NULL,NULL,NULL,NULL,NULL,NULL,NULL,NULL,NULL,NULL,NULL,NULL,0.0,0.0,NULL,0
219,NULL,NULL,219,3,4,0,1.61,NULL,4.64,74,0,12610,1,39,2,0,1,1,NULL,287.04,1,NULL,NULL,NULL,0.0,0.0,3.0,0.0,0.0,3.0,NULL,NULL,NULL,NULL,NULL,NULL,NULL,NULL,NULL,NULL,NULL,NULL,-1.0,0.0,10.0,0
219,NULL,NULL,219,3,4.5,0,1.39,0.0702,4.64,80,0,12610,1,39,2,0,1,1,NULL,280.76,1,NULL,NULL,NULL,0.0,0.0,NULL,0.0,0.0,NULL,NULL,NULL,NULL,0.0,0.0,NULL,NULL,NULL,NULL,NULL,NULL,NULL,0.0,0.0,NULL,0
219,NULL,NULL,219,4,4.5,0,1.39,NULL,4.98,89,1,12610,1,39,2,0,1,1,NULL,287.77,1,NULL,NULL,NULL,1.0,0.0,25.0,0.0,0.0,NULL,NULL,NULL,NULL,NULL,NULL,NULL,NULL,NULL,NULL,NULL,NULL,NULL,1.0,0.0,25.0,0
219,NULL,NULL,219,3,5,1,1.39,0.2323,4.86,87,0,12610,1,39,2,0,1,1,NULL,280.41,1,NULL,NULL,NULL,NULL,1.0,NULL,0.0,0.0,NULL,NULL,NULL,NULL,1.0,0.0,9.0,NULL,NULL,NULL,NULL,NULL,NULL,0.0,0.0,NULL,0
219,NULL,NULL,219,3,4,1,1.61,NULL,4.98,62,0,12610,1,39,2,0,1,1,NULL,288.2,1,NULL,NULL,NULL,0.0,0.0,NULL,0.0,0.0,NULL,NULL,NULL,NULL,1.0,0.0,107.0,NULL,NULL,NULL,NULL,NULL,NULL,0.0,0.0,NULL,0
219,NULL,NULL,219,3,4.5,1,1.1,0.2605,4.89,71,0,12610,1,39,2,0,1,1,NULL,281.08,1,NULL,NULL,NULL,0.0,1.0,NULL,0.0,0.0,NULL,NULL,NULL,NULL,0.0,0.0,NULL,NULL,NULL,NULL,NULL,NULL,NULL,0.0,0.0,NULL,0
219,NULL,NULL,219,3,4,1,1.1,NULL,4.64,85,0,12610,1,39,2,0,1,1,NULL,275.81,1,NULL,NULL,NULL,NULL,NULL,NULL,NULL,NULL,NULL,NULL,NULL,NULL,NULL,NULL,NULL,NULL,NULL,NULL,NULL,NULL,NULL,NULL,NULL,NULL,0
219,NULL,NULL,219,3,4,1,2.2,NULL,4.73,73,0,12610,1,39,2,0,1,1,NULL,284.5,1,NULL,NULL,NULL,0.0,0.0,NULL,0.0,0.0,NULL,NULL,NULL,NULL,0.0,0.0,NULL,NULL,NULL,NULL,NULL,NULL,NULL,0.0,0.0,NULL,0
219,NULL,NULL,219,3,4,0,2.2,NULL,4.59,81,0,12610,1,39,2,0,1,1,NULL,284.78,1,NULL,NULL,NULL,0.0,0.0,NULL,0.0,0.0,NULL,NULL,NULL,NULL,NULL,NULL,NULL,NULL,NULL,NULL,NULL,NULL,NULL,0.0,0.0,NULL,0
219,NULL,NULL,158,3,3.5,0,0,0.0476,4.46,43,1,26648,2,21,3,0,1,1,NULL,9270.55,1,NULL,NULL,NULL,NULL,NULL,NULL,NULL,NULL,NULL,NULL,NULL,NULL,0.0,0.0,NULL,NULL,NULL,NULL,NULL,NULL,NULL,NULL,NULL,NULL,0
219,NULL,NULL,158,3,3,0,3.14,NULL,4.46,44,0,26648,2,21,3,0,1,1,NULL,9285.88,1,NULL,NULL,NULL,NULL,NULL,NULL,NULL,NULL,NULL,NULL,NULL,NULL,1.0,0.0,16.0,NULL,NULL,NULL,NULL,NULL,NULL,NULL,NULL,NULL,0
219,NULL,NULL,158,4,0,0,1.1,NULL,4.41,51,0,26648,2,21,3,0,1,1,NULL,9288.15,1,NULL,NULL,NULL,NULL,NULL,NULL,NULL,NULL,NULL,NULL,NULL,NULL,NULL,NULL,NULL,NULL,NULL,NULL,NULL,NULL,NULL,NULL,NULL,NULL,0
219,NULL,NULL,158,4,3.5,0,2.64,NULL,4.22,53,0,26648,2,21,3,0,1,1,NULL,9278.6,1,NULL,NULL,NULL,NULL,NULL,NULL,NULL,NULL,NULL,NULL,NULL,NULL,NULL,NULL,NULL,NULL,NULL,NULL,NULL,NULL,NULL,NULL,NULL,NULL,0
219,NULL,NULL,158,5,4.5,0,3.22,0.1909,5.66,221,0,26648,2,21,3,0,1,1,NULL,9286.02,1,NULL,NULL,NULL,NULL,NULL,NULL,NULL,NULL,NULL,NULL,NULL,NULL,0.0,0.0,NULL,NULL,NULL,NULL,NULL,NULL,NULL,NULL,NULL,NULL,0
219,NULL,NULL,158,3,0,0,3.3,NULL,4.41,37,0,26648,2,21,3,0,1,1,NULL,9286.32,1,NULL,NULL,NULL,NULL,NULL,NULL,NULL,NULL,NULL,NULL,NULL,NULL,NULL,NULL,NULL,NULL,NULL,NULL,NULL,NULL,NULL,NULL,NULL,NULL,0
219,NULL,NULL,158,3,0,1,3.3,NULL,4.46,40,0,26648,2,21,3,0,1,1,NULL,9286.38,1,NULL,NULL,NULL,NULL,NULL,NULL,NULL,NULL,NULL,NULL,NULL,NULL,1.0,0.0,39.0,NULL,NULL,NULL,NULL,NULL,NULL,NULL,NULL,NULL,0
219,NULL,NULL,158,3,4,0,3.26,NULL,4.46,29,1,26648,2,21,3,0,1,1,NULL,9286.44,1,NULL,NULL,NULL,NULL,NULL,NULL,NULL,NULL,NULL,NULL,NULL,NULL,1.0,0.0,56.0,NULL,NULL,NULL,NULL,NULL,NULL,NULL,NULL,NULL,0
219,NULL,NULL,158,3,3.5,0,3.26,NULL,4.46,49,0,26648,2,21,3,0,1,1,NULL,9286.15,1,NULL,NULL,NULL,NULL,NULL,NULL,NULL,NULL,NULL,NULL,NULL,NULL,NULL,1.0,NULL,NULL,NULL,NULL,NULL,NULL,NULL,NULL,NULL,NULL,0
219,NULL,NULL,158,5,4.5,0,2.3,NULL,5.62,138,1,26648,2,21,3,0,1,1,NULL,9288.85,1,NULL,NULL,NULL,NULL,NULL,NULL,NULL,NULL,NULL,NULL,NULL,NULL,0.0,0.0,NULL,NULL,NULL,NULL,NULL,NULL,NULL,NULL,NULL,NULL,0
219,NULL,NULL,158,3,2,0,3.18,NULL,4.46,35,0,26648,2,21,3,0,1,1,NULL,9286.5,1,NULL,NULL,NULL,NULL,NULL,NULL,NULL,NULL,NULL,NULL,NULL,NULL,1.0,0.0,5.0,NULL,NULL,NULL,NULL,NULL,NULL,NULL,NULL,NULL,0
219,NULL,NULL,158,3,2,0,3.09,0.1419,4.58,29,1,26648,2,21,3,0,1,1,NULL,9285.73,1,NULL,NULL,NULL,NULL,NULL,NULL,NULL,NULL,NULL,NULL,NULL,NULL,NULL,1.0,NULL,NULL,NULL,NULL,NULL,NULL,NULL,NULL,NULL,NULL,0
219,NULL,NULL,158,4,3.5,0,2.64,NULL,4.22,93,0,26648,2,21,3,0,1,1,NULL,9278.98,1,NULL,NULL,NULL,NULL,NULL,NULL,NULL,NULL,NULL,NULL,NULL,NULL,NULL,NULL,NULL,NULL,NULL,NULL,NULL,NULL,NULL,NULL,NULL,NULL,0
219,NULL,NULL,158,5,4.5,1,2.64,0.1429,4.12,147,1,26648,2,21,3,0,1,1,NULL,9278.98,1,NULL,NULL,NULL,NULL,NULL,NULL,NULL,NULL,NULL,NULL,NULL,NULL,NULL,NULL,NULL,NULL,NULL,NULL,NULL,NULL,NULL,NULL,NULL,NULL,0
219,NULL,NULL,158,3,4,0,2.64,0.0476,3.75,41,1,26648,2,21,3,0,1,1,NULL,9278.89,1,NULL,NULL,NULL,NULL,NULL,NULL,NULL,NULL,NULL,NULL,NULL,NULL,NULL,NULL,NULL,NULL,NULL,NULL,NULL,NULL,NULL,NULL,NULL,NULL,0
219,NULL,NULL,158,3,4,0,2.71,NULL,4.46,74,0,26648,2,21,3,0,1,1,NULL,9287.12,1,NULL,NULL,NULL,NULL,NULL,NULL,NULL,NULL,NULL,NULL,NULL,NULL,1.0,0.0,12.0,NULL,NULL,NULL,NULL,NULL,NULL,NULL,NULL,NULL,0
219,NULL,NULL,158,3,3,0,3.14,NULL,4.46,35,0,26648,2,21,3,0,1,1,NULL,9286.65,1,NULL,NULL,NULL,NULL,NULL,NULL,NULL,NULL,NULL,NULL,NULL,NULL,1.0,0.0,40.0,NULL,NULL,NULL,NULL,NULL,NULL,NULL,NULL,NULL,0
219,NULL,NULL,158,4,4,1,2.64,NULL,4.22,66,1,26648,2,21,3,0,1,1,NULL,9279.04,1,NULL,NULL,NULL,NULL,NULL,NULL,NULL,NULL,NULL,NULL,NULL,NULL,NULL,NULL,NULL,NULL,NULL,NULL,NULL,NULL,NULL,NULL,NULL,NULL,0
219,NULL,NULL,158,3,3,0,3.26,NULL,4.46,32,1,26648,2,21,3,0,1,1,NULL,9286.45,1,NULL,NULL,NULL,NULL,NULL,NULL,NULL,NULL,NULL,NULL,NULL,NULL,1.0,0.0,6.0,NULL,NULL,NULL,NULL,NULL,NULL,NULL,NULL,NULL,0
219,NULL,NULL,158,3,3,0,2.64,NULL,3.75,36,1,26648,2,21,3,0,1,1,NULL,9278.72,1,NULL,NULL,NULL,NULL,NULL,NULL,NULL,NULL,NULL,NULL,NULL,NULL,NULL,NULL,NULL,NULL,NULL,NULL,NULL,NULL,NULL,NULL,NULL,NULL,0
219,NULL,NULL,158,4,0,0,0.69,NULL,4.22,52,0,26648,2,21,3,0,1,1,NULL,9277.19,1,NULL,NULL,NULL,NULL,NULL,NULL,NULL,NULL,NULL,NULL,NULL,NULL,NULL,NULL,NULL,NULL,NULL,NULL,NULL,NULL,NULL,NULL,NULL,NULL,0
219,NULL,NULL,158,4,4.5,0,2.4,NULL,4.41,87,0,26648,2,21,3,0,1,1,NULL,9288.96,1,NULL,NULL,NULL,NULL,NULL,NULL,NULL,NULL,NULL,NULL,NULL,NULL,NULL,NULL,NULL,NULL,NULL,NULL,NULL,NULL,NULL,NULL,NULL,NULL,0
219,NULL,NULL,158,3,3.5,1,2.89,0.4855,4.4,58,1,26648,2,21,3,0,1,1,NULL,9285.47,1,NULL,NULL,NULL,NULL,NULL,NULL,NULL,NULL,NULL,NULL,NULL,NULL,0.0,0.0,NULL,NULL,NULL,NULL,NULL,NULL,NULL,NULL,NULL,NULL,0
219,NULL,NULL,158,4,4,0,2.71,NULL,4.22,50,1,26648,2,21,3,0,1,1,NULL,9278.91,1,NULL,NULL,NULL,NULL,NULL,NULL,NULL,NULL,NULL,NULL,NULL,NULL,NULL,NULL,NULL,NULL,NULL,NULL,NULL,NULL,NULL,NULL,NULL,NULL,0
219,NULL,NULL,158,5,4,0,3.3,NULL,5.09,106,1,26648,2,21,3,0,1,1,NULL,9286.31,1,NULL,NULL,NULL,NULL,NULL,NULL,NULL,NULL,NULL,NULL,NULL,NULL,0.0,0.0,NULL,NULL,NULL,NULL,NULL,NULL,NULL,NULL,NULL,NULL,0
219,NULL,NULL,158,5,4.5,1,2.77,NULL,5.38,174,1,26648,2,21,3,0,1,1,NULL,9285.44,1,NULL,NULL,NULL,NULL,NULL,NULL,NULL,NULL,NULL,NULL,NULL,NULL,1.0,0.0,6.0,NULL,NULL,NULL,NULL,NULL,NULL,NULL,NULL,NULL,0
219,NULL,NULL,158,3,3.5,0,0,0.0476,3.75,27,0,26648,2,21,3,0,1,1,NULL,9283.62,1,NULL,NULL,NULL,NULL,NULL,NULL,NULL,NULL,NULL,NULL,NULL,NULL,NULL,NULL,NULL,NULL,NULL,NULL,NULL,NULL,NULL,NULL,NULL,NULL,0
219,NULL,NULL,158,3,0,0,2.94,NULL,4.46,55,0,26648,2,21,3,0,1,1,NULL,9286.88,1,NULL,NULL,NULL,NULL,NULL,NULL,NULL,NULL,NULL,NULL,NULL,NULL,NULL,NULL,NULL,NULL,NULL,NULL,NULL,NULL,NULL,NULL,NULL,NULL,0
129,NULL,NULL,31,4,4.5,0,6.83,0.7355,5.58,275.11,1,6285,4,194,4,1,2,1,NULL,433.61,1,NULL,NULL,NULL,NULL,NULL,NULL,NULL,NULL,NULL,NULL,NULL,NULL,0.0,0.0,NULL,1.0,0.0,3.0,1.0,0.0,3.0,NULL,NULL,NULL,0
129,NULL,NULL,31,3,3.5,0,6.64,0.3716,4.66,150.99,0,6285,4,194,4,1,2,1,NULL,434.25,1,NULL,NULL,NULL,NULL,NULL,NULL,NULL,NULL,NULL,NULL,NULL,NULL,NULL,NULL,NULL,NULL,NULL,NULL,0.0,0.0,NULL,NULL,NULL,NULL,0
129,NULL,NULL,31,4,4,0,6.89,0.7774,5.17,305.82,0,6285,4,194,4,1,2,1,NULL,433.88,1,NULL,NULL,NULL,NULL,NULL,NULL,NULL,NULL,NULL,NULL,NULL,NULL,0.0,0.0,NULL,NULL,NULL,NULL,NULL,NULL,NULL,NULL,NULL,NULL,0
129,NULL,NULL,31,4,4,0,6.87,0.7659,5.5,271.27,1,6285,4,194,4,1,2,1,NULL,433.97,1,NULL,NULL,NULL,NULL,NULL,NULL,NULL,NULL,NULL,NULL,NULL,NULL,NULL,NULL,NULL,1.0,0.0,11.0,1.0,0.0,220.0,NULL,NULL,NULL,0
129,NULL,NULL,31,3,4.5,0,6.73,0.6478,5.12,168.91,0,6285,4,194,4,1,2,1,NULL,433.46,1,NULL,NULL,NULL,NULL,NULL,NULL,NULL,NULL,NULL,NULL,NULL,NULL,1.0,0.0,10.0,NULL,NULL,NULL,1.0,0.0,24.0,NULL,NULL,NULL,0
129,NULL,NULL,31,4,4,0,6.9,0.6856,5.33,327.58,0,6285,4,194,4,1,2,1,NULL,433.82,1,NULL,NULL,NULL,NULL,NULL,NULL,NULL,NULL,NULL,NULL,NULL,NULL,-1.0,0.0,30.0,-1.0,0.0,30.0,1.0,0.0,148.0,NULL,NULL,NULL,0
129,NULL,NULL,31,4,4.5,0,6.87,0.6705,5.55,203.45,0,6285,4,194,4,1,2,1,NULL,434.08,1,NULL,NULL,NULL,NULL,NULL,NULL,NULL,NULL,NULL,NULL,NULL,NULL,0.0,0.0,NULL,0.0,0.0,NULL,0.0,0.0,NULL,NULL,NULL,NULL,0
129,NULL,NULL,31,4,3.5,0,6.75,0.7072,5.52,310.94,0,6285,4,194,4,1,2,1,NULL,433.56,1,NULL,NULL,NULL,NULL,NULL,NULL,NULL,NULL,NULL,NULL,NULL,NULL,0.0,0.0,NULL,0.0,0.0,NULL,0.0,0.0,NULL,NULL,NULL,NULL,0
129,NULL,NULL,31,3,4,0,6.89,0.7204,5.34,189.38,1,6285,4,194,4,1,2,1,NULL,433.8,1,NULL,NULL,NULL,NULL,NULL,NULL,NULL,NULL,NULL,NULL,NULL,NULL,0.0,0.0,NULL,NULL,NULL,NULL,0.0,0.0,NULL,NULL,NULL,NULL,0
129,NULL,NULL,31,3,4,0,6.7,0.6259,5.03,278.95,0,6285,4,194,4,1,2,1,NULL,433.56,1,NULL,NULL,NULL,NULL,NULL,NULL,NULL,NULL,NULL,NULL,NULL,NULL,0.0,0.0,NULL,NULL,NULL,NULL,0.0,0.0,NULL,NULL,NULL,NULL,0
129,NULL,NULL,31,4,4,0,6.69,0.6168,5,229.05,0,6285,4,194,4,1,2,1,NULL,433.43,1,NULL,NULL,NULL,NULL,NULL,NULL,NULL,NULL,NULL,NULL,NULL,NULL,0.0,0.0,NULL,0.0,0.0,NULL,NULL,1.0,NULL,NULL,NULL,NULL,0
129,NULL,NULL,31,4,4.5,1,6.89,0.783,5.67,323.74,0,6285,4,194,4,1,2,1,NULL,433.88,1,NULL,NULL,NULL,NULL,NULL,NULL,NULL,NULL,NULL,NULL,NULL,NULL,-1.0,0.0,15.0,-1.0,0.0,15.0,NULL,1.0,NULL,NULL,NULL,NULL,0
129,NULL,NULL,31,4,3.5,0,6.88,0.7731,5.23,235.44,1,6285,4,194,4,1,2,1,NULL,433.96,1,NULL,NULL,NULL,NULL,NULL,NULL,NULL,NULL,NULL,NULL,NULL,NULL,NULL,NULL,NULL,-1.0,0.0,9.0,NULL,1.0,NULL,NULL,NULL,NULL,0
129,NULL,NULL,31,4,4,1,6.7,0.5063,5.31,255.92,1,6285,4,194,4,1,2,1,NULL,434.23,1,NULL,NULL,NULL,NULL,NULL,NULL,NULL,NULL,NULL,NULL,NULL,NULL,0.0,0.0,NULL,0.0,0.0,NULL,0.0,0.0,NULL,NULL,NULL,NULL,0
129,NULL,NULL,31,3,4,0,6.79,0.7462,5.15,174.02,0,6285,4,194,4,1,2,1,NULL,433.67,1,NULL,NULL,NULL,NULL,NULL,NULL,NULL,NULL,NULL,NULL,NULL,NULL,0.0,0.0,NULL,NULL,NULL,NULL,-1.0,0.0,5.0,NULL,NULL,NULL,0
129,NULL,NULL,31,3,4,0,6.69,0.6081,5.15,197.06,0,6285,4,194,4,1,2,1,NULL,433.42,1,NULL,NULL,NULL,NULL,NULL,NULL,NULL,NULL,NULL,NULL,NULL,NULL,0.0,0.0,NULL,1.0,0.0,16.0,NULL,NULL,NULL,NULL,NULL,NULL,0
129,NULL,NULL,31,3,4.5,0,6.91,0.6483,5.58,299.42,0,6285,4,194,4,1,2,1,NULL,433.81,1,NULL,NULL,NULL,NULL,NULL,NULL,NULL,NULL,NULL,NULL,NULL,NULL,-1.0,0.0,18.0,-1.0,0.0,18.0,-1.0,0.0,18.0,NULL,NULL,NULL,0
129,NULL,NULL,31,4,4.5,0,6.9,0.7496,5.34,202.18,1,6285,4,194,4,1,2,1,NULL,433.88,1,NULL,NULL,NULL,NULL,NULL,NULL,NULL,NULL,NULL,NULL,NULL,NULL,0.0,0.0,NULL,0.0,0.0,NULL,0.0,0.0,NULL,NULL,NULL,NULL,0
129,NULL,NULL,31,3,4,0,6.76,0.7088,5.1,179.14,0,6285,4,194,4,1,2,1,NULL,433.61,1,NULL,NULL,NULL,NULL,NULL,NULL,NULL,NULL,NULL,NULL,NULL,NULL,1.0,0.0,4.0,NULL,1.0,NULL,1.0,0.0,3.0,NULL,NULL,NULL,0
129,NULL,NULL,31,3,4.5,0,6.8,0.767,5.15,243.12,0,6285,4,194,4,1,2,1,NULL,433.66,1,NULL,NULL,NULL,NULL,NULL,NULL,NULL,NULL,NULL,NULL,NULL,NULL,NULL,NULL,NULL,NULL,NULL,NULL,NULL,NULL,NULL,NULL,NULL,NULL,0
129,NULL,NULL,31,3,3,0,6.35,0.1618,5.06,138.2,0,6285,4,194,4,1,2,1,NULL,434.43,1,NULL,NULL,NULL,NULL,NULL,NULL,NULL,NULL,NULL,NULL,NULL,NULL,0.0,0.0,NULL,NULL,NULL,NULL,NULL,NULL,NULL,NULL,NULL,NULL,0
129,NULL,NULL,31,3,2.5,0,6.91,0.727,5.07,182.98,0,6285,4,194,4,1,2,1,NULL,433.87,1,NULL,NULL,NULL,NULL,NULL,NULL,NULL,NULL,NULL,NULL,NULL,NULL,NULL,NULL,NULL,NULL,NULL,NULL,NULL,NULL,NULL,NULL,NULL,NULL,0
129,NULL,NULL,31,4,4,0,6.4,0.1864,5.54,185.54,1,6285,4,194,4,1,2,1,NULL,434.46,1,NULL,NULL,NULL,NULL,NULL,NULL,NULL,NULL,NULL,NULL,NULL,NULL,0.0,0.0,NULL,0.0,0.0,NULL,0.0,0.0,NULL,NULL,NULL,NULL,0
129,NULL,NULL,31,3,4,0,6.74,0.7005,5.14,225.21,0,6285,4,194,4,1,2,1,NULL,433.54,1,NULL,NULL,NULL,NULL,NULL,NULL,NULL,NULL,NULL,NULL,NULL,NULL,0.0,0.0,NULL,NULL,NULL,NULL,NULL,NULL,NULL,NULL,NULL,NULL,0
129,NULL,NULL,31,4,4,0,6.9,0.7543,5.7,231.61,1,6285,4,194,4,1,2,1,NULL,433.87,1,NULL,NULL,NULL,NULL,NULL,NULL,NULL,NULL,NULL,NULL,NULL,NULL,0.0,0.0,NULL,0.0,0.0,NULL,0.0,0.0,NULL,NULL,NULL,NULL,0
129,NULL,NULL,31,4,4,0,6.74,0.6728,5.3,262.32,0,6285,4,194,4,1,2,1,NULL,433.67,1,NULL,NULL,NULL,NULL,NULL,NULL,NULL,NULL,NULL,NULL,NULL,NULL,0.0,0.0,NULL,0.0,0.0,NULL,NULL,NULL,NULL,NULL,NULL,NULL,0
129,NULL,NULL,31,4,4.5,0,6.82,0.7505,5.73,225.21,0,6285,4,194,4,1,2,1,NULL,433.61,1,NULL,NULL,NULL,NULL,NULL,NULL,NULL,NULL,NULL,NULL,NULL,NULL,NULL,NULL,NULL,NULL,NULL,NULL,NULL,NULL,NULL,NULL,NULL,NULL,0
129,NULL,NULL,31,3,3,0,6.89,0.7614,5.22,165.07,0,6285,4,194,4,1,2,1,NULL,433.92,1,NULL,NULL,NULL,NULL,NULL,NULL,NULL,NULL,NULL,NULL,NULL,NULL,0.0,0.0,NULL,NULL,NULL,NULL,NULL,NULL,NULL,NULL,NULL,NULL,0
129,NULL,NULL,31,3,4,0,6.88,0.7592,5.04,190.66,0,6285,4,194,4,1,2,1,NULL,433.98,1,NULL,NULL,NULL,NULL,NULL,NULL,NULL,NULL,NULL,NULL,NULL,NULL,0.0,0.0,NULL,1.0,0.0,3.0,1.0,1.0,7.0,NULL,NULL,NULL,0
129,NULL,NULL,31,3,3.5,0,6.72,0.6225,5.12,221.37,0,6285,4,194,4,1,2,1,NULL,433.69,1,NULL,NULL,NULL,NULL,NULL,NULL,NULL,NULL,NULL,NULL,NULL,NULL,-1.0,0.0,4.0,NULL,NULL,NULL,NULL,NULL,NULL,NULL,NULL,NULL,0
129,NULL,NULL,31,4,4,0,6.91,0.7394,5.49,301.98,0,6285,4,194,4,1,2,1,NULL,433.89,1,NULL,NULL,NULL,NULL,NULL,NULL,NULL,NULL,NULL,NULL,NULL,NULL,0.0,0.0,NULL,0.0,0.0,NULL,0.0,0.0,NULL,NULL,NULL,NULL,0
55,NULL,NULL,216,2,3.5,0,3.85,0.029,4.95,108.26,1,18161,4,62,1,0,1,0,NULL,NULL,0,NULL,NULL,NULL,NULL,NULL,NULL,NULL,NULL,NULL,1.0,0.0,7.0,NULL,NULL,NULL,NULL,NULL,NULL,NULL,NULL,NULL,NULL,NULL,NULL,0
55,NULL,NULL,216,3,0,0,2.08,NULL,4.29,57.22,0,18161,4,62,1,0,1,0,NULL,NULL,0,NULL,NULL,NULL,NULL,NULL,NULL,NULL,NULL,NULL,NULL,NULL,NULL,NULL,NULL,NULL,NULL,NULL,NULL,NULL,NULL,NULL,NULL,NULL,NULL,0
55,NULL,NULL,216,3,4,0,4.19,NULL,4.92,71.14,1,18161,4,62,1,0,1,0,NULL,NULL,0,NULL,NULL,NULL,1.0,0.0,81.0,NULL,NULL,NULL,0.0,0.0,NULL,NULL,NULL,NULL,NULL,NULL,NULL,NULL,NULL,NULL,NULL,NULL,NULL,0
55,NULL,NULL,216,3,0,0,3.74,NULL,4.74,85.06,0,18161,4,62,1,0,1,0,NULL,NULL,0,NULL,NULL,NULL,NULL,NULL,NULL,NULL,NULL,NULL,-1.0,0.0,31.0,NULL,NULL,NULL,NULL,NULL,NULL,NULL,NULL,NULL,NULL,NULL,NULL,0
55,NULL,NULL,216,4,4,0,3.78,0.1496,5.04,102.07,0,18161,4,62,1,0,1,0,NULL,NULL,0,NULL,NULL,NULL,NULL,NULL,NULL,NULL,NULL,NULL,-1.0,0.0,12.0,NULL,NULL,NULL,NULL,NULL,NULL,NULL,NULL,NULL,NULL,NULL,NULL,0
55,NULL,NULL,216,3,4,0,3.69,0.509,4.77,139.19,0,18161,4,62,1,0,1,0,NULL,NULL,0,NULL,NULL,NULL,NULL,NULL,NULL,NULL,NULL,NULL,-1.0,0.0,7.0,NULL,NULL,NULL,NULL,NULL,NULL,NULL,NULL,NULL,NULL,NULL,NULL,0
55,NULL,NULL,216,2,0,0,3.78,NULL,4.95,20.11,0,18161,4,62,1,0,1,0,NULL,NULL,0,NULL,NULL,NULL,NULL,NULL,NULL,NULL,NULL,NULL,NULL,NULL,NULL,NULL,NULL,NULL,NULL,NULL,NULL,NULL,NULL,NULL,NULL,NULL,NULL,0
55,NULL,NULL,216,3,4,0,3.87,NULL,4.77,77.33,0,18161,4,62,1,0,1,0,NULL,NULL,0,NULL,NULL,NULL,NULL,NULL,NULL,NULL,NULL,NULL,NULL,NULL,NULL,NULL,NULL,NULL,NULL,NULL,NULL,NULL,NULL,NULL,NULL,NULL,NULL,0
55,NULL,NULL,216,2,0,0,3.81,NULL,4.49,66.5,0,18161,4,62,1,0,1,0,NULL,NULL,0,NULL,NULL,NULL,NULL,NULL,NULL,NULL,NULL,NULL,NULL,1.0,NULL,NULL,1.0,NULL,NULL,NULL,NULL,NULL,NULL,NULL,NULL,NULL,NULL,0
55,NULL,NULL,216,3,4.5,0,3.43,0.1363,4.79,57.22,1,18161,4,62,1,0,1,0,NULL,NULL,0,NULL,NULL,NULL,NULL,1.0,NULL,NULL,NULL,NULL,-1.0,0.0,6.0,NULL,NULL,NULL,NULL,NULL,NULL,NULL,NULL,NULL,NULL,NULL,NULL,0
55,NULL,NULL,216,2,0,0,3.91,NULL,4.32,20.11,0,18161,4,62,1,0,1,0,NULL,NULL,0,NULL,NULL,NULL,NULL,NULL,NULL,NULL,NULL,NULL,0.0,0.0,NULL,NULL,NULL,NULL,NULL,NULL,NULL,NULL,NULL,NULL,NULL,NULL,NULL,0
55,NULL,NULL,216,2,4,0,3.87,NULL,3.8,24.74,0,18161,4,62,1,0,1,0,NULL,NULL,0,NULL,NULL,NULL,NULL,NULL,NULL,NULL,NULL,NULL,0.0,0.0,NULL,NULL,NULL,NULL,NULL,NULL,NULL,NULL,NULL,NULL,NULL,NULL,NULL,0
55,NULL,NULL,216,3,4,0,4.2,NULL,4.75,74.23,0,18161,4,62,1,0,1,0,NULL,NULL,0,NULL,NULL,NULL,NULL,NULL,NULL,NULL,NULL,NULL,NULL,NULL,NULL,NULL,NULL,NULL,NULL,NULL,NULL,NULL,NULL,NULL,NULL,NULL,NULL,0
55,NULL,NULL,216,3,4.5,0,3.26,NULL,4.52,69.59,1,18161,4,62,1,0,1,0,NULL,NULL,0,NULL,NULL,NULL,NULL,NULL,NULL,NULL,NULL,NULL,NULL,-1.0,NULL,NULL,NULL,NULL,NULL,NULL,NULL,NULL,NULL,NULL,NULL,NULL,NULL,0
55,NULL,NULL,216,3,0,0,3.71,NULL,3.95,37.12,0,18161,4,62,1,0,1,0,NULL,NULL,0,NULL,NULL,NULL,NULL,NULL,NULL,NULL,NULL,NULL,NULL,NULL,NULL,NULL,NULL,NULL,NULL,NULL,NULL,NULL,NULL,NULL,NULL,NULL,NULL,0
55,NULL,NULL,216,3,3.5,0,3.91,0.5598,4.89,78.87,0,18161,4,62,1,0,1,0,NULL,NULL,0,NULL,NULL,NULL,NULL,NULL,NULL,NULL,NULL,NULL,NULL,NULL,NULL,NULL,1.0,NULL,NULL,NULL,NULL,NULL,NULL,NULL,NULL,NULL,NULL,0
55,NULL,NULL,216,3,3.5,0,4.04,0.537,4.54,47.94,1,18161,4,62,1,0,1,0,NULL,NULL,0,NULL,NULL,NULL,NULL,1.0,NULL,NULL,NULL,NULL,-1.0,0.0,14.0,NULL,NULL,NULL,NULL,NULL,NULL,NULL,NULL,NULL,NULL,NULL,NULL,1
55,NULL,NULL,216,3,4,0,4.03,0.5771,4.59,54.13,0,18161,4,62,1,0,1,0,NULL,NULL,0,NULL,NULL,NULL,NULL,NULL,NULL,NULL,NULL,NULL,0.0,0.0,NULL,NULL,NULL,NULL,NULL,NULL,NULL,NULL,NULL,NULL,NULL,NULL,NULL,0
55,NULL,NULL,216,3,0,0,4.04,0.5969,4.98,103.62,0,18161,4,62,1,0,1,0,NULL,NULL,0,NULL,NULL,NULL,NULL,NULL,NULL,NULL,NULL,NULL,NULL,-1.0,NULL,NULL,NULL,NULL,NULL,NULL,NULL,NULL,NULL,NULL,NULL,NULL,NULL,0
55,NULL,NULL,216,4,4.5,0,3.85,0.5697,5.4,126.82,0,18161,4,62,1,0,1,0,NULL,NULL,0,NULL,NULL,NULL,NULL,NULL,NULL,NULL,NULL,NULL,-1.0,0.0,10.0,NULL,NULL,NULL,NULL,NULL,NULL,NULL,NULL,NULL,NULL,NULL,NULL,0
55,NULL,NULL,216,2,4,0,4.14,0.4154,4.56,72.69,0,18161,4,62,1,0,1,0,NULL,NULL,0,NULL,NULL,NULL,NULL,NULL,NULL,NULL,NULL,NULL,0.0,0.0,NULL,NULL,NULL,NULL,NULL,NULL,NULL,NULL,NULL,NULL,NULL,NULL,NULL,0
55,NULL,NULL,216,3,4,0,3.58,NULL,4.51,46.4,0,18161,4,62,1,0,1,0,NULL,NULL,0,NULL,NULL,NULL,NULL,NULL,NULL,NULL,NULL,NULL,NULL,1.0,NULL,NULL,NULL,NULL,NULL,NULL,NULL,NULL,NULL,NULL,NULL,NULL,NULL,0
55,NULL,NULL,216,3,0,0,3.99,0.0897,5.05,60.32,1,18161,4,62,1,0,1,0,NULL,NULL,0,NULL,NULL,NULL,NULL,NULL,NULL,NULL,NULL,NULL,1.0,0.0,18.0,NULL,NULL,NULL,NULL,NULL,NULL,NULL,NULL,NULL,NULL,NULL,NULL,0
55,NULL,NULL,216,3,4.5,0,3.78,NULL,4.79,171.67,0,18161,4,62,1,0,1,0,NULL,NULL,0,NULL,NULL,NULL,NULL,NULL,NULL,NULL,NULL,NULL,-1.0,0.0,9.0,NULL,NULL,NULL,NULL,NULL,NULL,NULL,NULL,NULL,NULL,NULL,NULL,0
55,NULL,NULL,216,3,2.5,0,4.26,0.1405,4.77,94.34,0,18161,4,62,1,0,1,0,NULL,NULL,0,NULL,NULL,NULL,NULL,NULL,NULL,NULL,NULL,NULL,NULL,NULL,NULL,NULL,NULL,NULL,NULL,NULL,NULL,NULL,NULL,NULL,NULL,NULL,NULL,0
55,NULL,NULL,216,3,4,0,3.83,NULL,5.29,89.7,0,18161,4,62,1,0,1,0,NULL,NULL,0,NULL,NULL,NULL,NULL,NULL,NULL,NULL,NULL,NULL,0.0,0.0,NULL,NULL,NULL,NULL,NULL,NULL,NULL,NULL,NULL,NULL,NULL,NULL,NULL,0
55,NULL,NULL,216,3,4,0,3.89,0.5367,4.86,71.14,0,18161,4,62,1,0,1,0,NULL,NULL,0,NULL,NULL,NULL,NULL,NULL,NULL,NULL,NULL,NULL,0.0,0.0,NULL,NULL,NULL,NULL,NULL,NULL,NULL,NULL,NULL,NULL,NULL,NULL,NULL,0
55,NULL,NULL,216,3,4.5,0,4.04,0.6075,4.77,64.96,1,18161,4,62,1,0,1,0,NULL,NULL,0,NULL,NULL,NULL,NULL,NULL,NULL,-1.0,0.0,2.0,NULL,1.0,NULL,1.0,0.0,17.0,NULL,NULL,NULL,NULL,NULL,NULL,NULL,NULL,NULL,0
55,NULL,NULL,216,4,0,0,3.85,NULL,5.47,119.08,0,18161,4,62,1,0,1,0,NULL,NULL,0,NULL,NULL,NULL,NULL,NULL,NULL,-1.0,0.0,3.0,0.0,0.0,NULL,NULL,NULL,NULL,NULL,NULL,NULL,NULL,NULL,NULL,NULL,NULL,NULL,0
219,NULL,NULL,219,3,4,1,1.95,0.027,4.51,68,0,3735,1,0,2,0,1,0,NULL,766.18,0,NULL,NULL,NULL,0.0,0.0,NULL,0.0,0.0,NULL,NULL,NULL,NULL,0.0,0.0,NULL,NULL,NULL,NULL,NULL,NULL,NULL,0.0,0.0,NULL,0
219,NULL,NULL,219,2,4.5,1,2.4,0.0078,4.75,78,0,3735,1,0,2,0,1,0,NULL,766.53,0,NULL,NULL,NULL,0.0,0.0,NULL,0.0,0.0,NULL,NULL,NULL,NULL,NULL,NULL,NULL,NULL,NULL,NULL,NULL,NULL,NULL,0.0,0.0,NULL,0
219,NULL,NULL,219,4,4,0,2.2,0.089,4.87,48,1,3735,1,0,2,0,1,0,NULL,767.4,0,NULL,NULL,NULL,NULL,NULL,NULL,NULL,NULL,NULL,NULL,NULL,NULL,NULL,NULL,NULL,NULL,NULL,NULL,NULL,NULL,NULL,NULL,NULL,NULL,0
219,NULL,NULL,219,3,3.5,0,2.2,0.1054,4.4,47,1,3735,1,0,2,0,1,0,NULL,766.48,0,NULL,NULL,NULL,0.0,0.0,NULL,0.0,0.0,NULL,NULL,NULL,NULL,1.0,0.0,17.0,NULL,NULL,NULL,NULL,NULL,NULL,0.0,0.0,NULL,0
219,NULL,NULL,219,4,4,0,3.26,0.3676,4.44,42,1,3735,1,0,2,0,1,0,NULL,767.86,0,NULL,NULL,NULL,0.0,0.0,NULL,0.0,0.0,NULL,NULL,NULL,NULL,0.0,0.0,NULL,NULL,NULL,NULL,NULL,NULL,NULL,0.0,0.0,NULL,1
219,NULL,NULL,219,2,3.5,1,1.39,0.0034,4.22,55,0,3735,1,0,2,0,1,0,NULL,767.03,0,NULL,NULL,NULL,0.0,0.0,NULL,0.0,0.0,NULL,NULL,NULL,NULL,NULL,NULL,NULL,NULL,NULL,NULL,NULL,NULL,NULL,0.0,0.0,NULL,0
219,NULL,NULL,219,3,3.5,1,1.61,0.0014,4.85,110,0,3735,1,0,2,0,1,0,NULL,764.04,0,NULL,NULL,NULL,0.0,0.0,NULL,-1.0,0.0,7.0,NULL,NULL,NULL,0.0,0.0,NULL,NULL,NULL,NULL,NULL,NULL,NULL,0.0,0.0,NULL,0
219,NULL,NULL,219,2,3.5,0,3.14,0.0655,4.54,53,1,3735,1,0,2,0,1,0,NULL,767.92,0,NULL,NULL,NULL,0.0,0.0,NULL,0.0,0.0,NULL,NULL,NULL,NULL,NULL,NULL,NULL,NULL,NULL,NULL,NULL,NULL,NULL,0.0,0.0,NULL,0
219,NULL,NULL,219,3,4.5,1,1.79,0.005,4.87,109,0,3735,1,0,2,0,1,0,NULL,765.87,0,NULL,NULL,NULL,NULL,NULL,NULL,0.0,0.0,NULL,NULL,NULL,NULL,0.0,0.0,NULL,NULL,NULL,NULL,NULL,NULL,NULL,0.0,0.0,NULL,0
219,NULL,NULL,219,4,4,0,1.79,0.0559,4.76,45,0,3735,1,0,2,0,1,0,NULL,767.26,0,NULL,NULL,NULL,0.0,0.0,NULL,0.0,0.0,NULL,NULL,NULL,NULL,0.0,0.0,NULL,NULL,NULL,NULL,NULL,NULL,NULL,0.0,0.0,NULL,0
219,NULL,NULL,219,2,3.5,1,1.39,0.0034,4.32,65,0,3735,1,0,2,0,1,0,NULL,767.02,0,NULL,NULL,NULL,1.0,0.0,7.0,1.0,0.0,7.0,NULL,NULL,NULL,NULL,NULL,NULL,NULL,NULL,NULL,NULL,NULL,NULL,1.0,0.0,7.0,0
219,NULL,NULL,219,3,4,0,1.39,0.0148,4.21,40,0,3735,1,0,2,0,1,0,NULL,763.54,0,NULL,NULL,NULL,0.0,0.0,NULL,0.0,0.0,NULL,NULL,NULL,NULL,0.0,0.0,NULL,NULL,NULL,NULL,NULL,NULL,NULL,0.0,0.0,NULL,0
219,NULL,NULL,219,3,3.5,1,1.79,0.0061,5.72,139,0,3735,1,0,2,0,1,0,NULL,766.02,0,NULL,NULL,NULL,0.0,0.0,NULL,0.0,0.0,NULL,NULL,NULL,NULL,0.0,0.0,NULL,NULL,NULL,NULL,NULL,NULL,NULL,0.0,0.0,NULL,0
219,NULL,NULL,219,3,5,1,0.69,5.0E-4,5.27,119,0,3735,1,0,2,0,1,0,NULL,761.97,0,NULL,NULL,NULL,0.0,0.0,NULL,0.0,0.0,NULL,NULL,NULL,NULL,-1.0,0.0,16.0,NULL,NULL,NULL,NULL,NULL,NULL,-1.0,0.0,16.0,0
219,NULL,NULL,219,3,4,1,2.3,0.0153,4.92,110,0,3735,1,0,2,0,1,0,NULL,766.33,0,NULL,NULL,NULL,0.0,0.0,NULL,-1.0,0.0,4.0,NULL,NULL,NULL,0.0,0.0,NULL,NULL,NULL,NULL,NULL,NULL,NULL,0.0,0.0,NULL,0
219,NULL,NULL,219,3,4,1,2.08,0.0181,4.41,65,0,3735,1,0,2,0,1,0,NULL,766.33,0,NULL,NULL,NULL,0.0,0.0,NULL,-1.0,0.0,4.0,NULL,NULL,NULL,NULL,NULL,NULL,NULL,NULL,NULL,NULL,NULL,NULL,0.0,0.0,NULL,0
219,NULL,NULL,219,4,4,1,3.26,0.2481,4.17,32,1,3735,1,0,2,0,1,0,NULL,767.78,0,NULL,NULL,NULL,0.0,0.0,NULL,0.0,0.0,NULL,NULL,NULL,NULL,0.0,0.0,NULL,NULL,NULL,NULL,NULL,NULL,NULL,0.0,0.0,NULL,0
219,NULL,NULL,219,4,4,0,2.08,0.205,4.29,49,1,3735,1,0,2,0,1,0,NULL,766.29,0,NULL,NULL,NULL,0.0,0.0,NULL,0.0,0.0,NULL,NULL,NULL,NULL,0.0,0.0,NULL,NULL,NULL,NULL,NULL,NULL,NULL,0.0,0.0,NULL,0
219,NULL,NULL,219,2,3.5,1,1.39,0.0012,4.18,75,0,3735,1,0,2,0,1,0,NULL,762.43,0,NULL,NULL,NULL,0.0,0.0,NULL,0.0,0.0,NULL,NULL,NULL,NULL,NULL,NULL,NULL,NULL,NULL,NULL,NULL,NULL,NULL,0.0,0.0,NULL,0
219,NULL,NULL,219,2,4,1,2.2,0.1053,4.06,37,1,3735,1,0,2,0,1,0,NULL,766.48,0,NULL,NULL,NULL,0.0,0.0,NULL,0.0,0.0,NULL,NULL,NULL,NULL,NULL,NULL,NULL,NULL,NULL,NULL,NULL,NULL,NULL,0.0,0.0,NULL,0
219,NULL,NULL,219,3,3.5,0,3.22,0.2775,4.16,29,0,3735,1,0,2,0,1,0,NULL,768.08,0,NULL,NULL,NULL,0.0,0.0,NULL,0.0,0.0,NULL,NULL,NULL,NULL,0.0,0.0,NULL,NULL,NULL,NULL,NULL,NULL,NULL,0.0,0.0,NULL,0
219,NULL,NULL,219,2,3.5,1,2.08,0.0555,4.37,45,0,3735,1,0,2,0,1,0,NULL,767.35,0,NULL,NULL,NULL,1.0,0.0,11.0,0.0,0.0,NULL,NULL,NULL,NULL,0.0,0.0,NULL,NULL,NULL,NULL,NULL,NULL,NULL,0.0,0.0,NULL,0
219,NULL,NULL,219,2,2.5,1,0.69,0.0017,4.23,35,0,3735,1,0,2,0,1,0,NULL,768.04,0,NULL,NULL,NULL,0.0,0.0,NULL,NULL,NULL,NULL,NULL,NULL,NULL,NULL,NULL,NULL,NULL,NULL,NULL,NULL,NULL,NULL,NULL,NULL,NULL,0
219,NULL,NULL,219,3,4.5,1,1.61,0.0213,4.93,129,0,3735,1,0,2,0,1,0,NULL,766.24,0,NULL,NULL,NULL,0.0,0.0,NULL,-1.0,0.0,10.0,NULL,NULL,NULL,0.0,0.0,NULL,NULL,NULL,NULL,NULL,NULL,NULL,0.0,0.0,NULL,0
219,NULL,NULL,219,4,4,0,1.61,0.0512,4.42,48,0,3735,1,0,2,0,1,0,NULL,764.98,0,NULL,NULL,NULL,0.0,0.0,NULL,0.0,0.0,NULL,NULL,NULL,NULL,0.0,0.0,NULL,NULL,NULL,NULL,NULL,NULL,NULL,0.0,0.0,NULL,0
219,NULL,NULL,219,3,4,1,3.26,0.3584,4.45,27,1,3735,1,0,2,0,1,0,NULL,767.93,0,NULL,NULL,NULL,1.0,0.0,19.0,0.0,0.0,NULL,NULL,NULL,NULL,0.0,0.0,NULL,NULL,NULL,NULL,NULL,NULL,NULL,0.0,0.0,NULL,0
219,NULL,NULL,219,4,4,0,3.26,0.0955,4.68,50,0,3735,1,0,2,0,1,0,NULL,767.68,0,NULL,NULL,NULL,0.0,0.0,NULL,0.0,0.0,NULL,NULL,NULL,NULL,0.0,0.0,NULL,NULL,NULL,NULL,NULL,NULL,NULL,0.0,0.0,NULL,0
219,NULL,NULL,219,2,3.5,1,1.79,0.0061,4.52,62,0,3735,1,0,2,0,1,0,NULL,766.02,0,NULL,NULL,NULL,0.0,0.0,NULL,0.0,0.0,NULL,NULL,NULL,NULL,NULL,NULL,NULL,NULL,NULL,NULL,NULL,NULL,NULL,0.0,0.0,NULL,0
219,NULL,NULL,219,2,3,1,3.04,0.008,4.2,38,0,3735,1,0,2,0,1,0,NULL,767.34,0,NULL,NULL,NULL,0.0,0.0,NULL,0.0,0.0,NULL,NULL,NULL,NULL,0.0,0.0,NULL,NULL,NULL,NULL,NULL,NULL,NULL,0.0,0.0,NULL,0
219,NULL,NULL,219,3,3.5,1,2.77,0.0071,4.49,60,0,3735,1,0,2,0,1,0,NULL,767.08,0,NULL,NULL,NULL,0.0,0.0,NULL,0.0,0.0,NULL,NULL,NULL,NULL,1.0,0.0,16.0,NULL,NULL,NULL,NULL,NULL,NULL,0.0,0.0,NULL,0
219,NULL,NULL,219,4,4,0,3.26,0.3928,4.65,39,0,3735,1,0,2,0,1,0,NULL,767.93,0,NULL,NULL,NULL,0.0,0.0,NULL,1.0,0.0,2.0,NULL,NULL,NULL,0.0,0.0,NULL,NULL,NULL,NULL,NULL,NULL,NULL,0.0,0.0,NULL,0
219,NULL,NULL,219,2,4,1,1.61,NULL,4.18,60,0,3735,1,0,2,0,1,0,NULL,767.55,0,NULL,NULL,NULL,0.0,0.0,NULL,0.0,0.0,NULL,NULL,NULL,NULL,NULL,NULL,NULL,NULL,NULL,NULL,NULL,NULL,NULL,0.0,0.0,NULL,0
219,NULL,NULL,219,3,5,1,1.79,0.006,4.75,109,0,3735,1,0,2,0,1,0,NULL,765.76,0,NULL,NULL,NULL,NULL,NULL,NULL,0.0,0.0,NULL,NULL,NULL,NULL,0.0,0.0,NULL,NULL,NULL,NULL,NULL,NULL,NULL,0.0,0.0,NULL,0
219,NULL,NULL,219,4,4.5,1,2.64,0.0468,5.38,110,1,24232,3,27,1,0,1,0,NULL,116.36,0,NULL,NULL,NULL,NULL,NULL,NULL,NULL,NULL,NULL,NULL,NULL,NULL,1.0,0.0,31.0,NULL,NULL,NULL,NULL,NULL,NULL,0.0,0.0,NULL,0
219,NULL,NULL,219,2,3,1,2.2,0.0105,4.65,54,1,24232,3,27,1,0,1,0,NULL,115.24,0,NULL,NULL,NULL,0.0,0.0,NULL,NULL,NULL,NULL,NULL,NULL,NULL,NULL,NULL,NULL,NULL,NULL,NULL,NULL,NULL,NULL,0.0,0.0,NULL,0
219,NULL,NULL,219,3,4,1,2.64,0.0178,5.24,89,0,24232,3,27,1,0,1,0,NULL,115.75,0,NULL,NULL,NULL,0.0,0.0,NULL,NULL,NULL,NULL,NULL,NULL,NULL,0.0,0.0,NULL,NULL,NULL,NULL,NULL,NULL,NULL,0.0,0.0,NULL,0
219,NULL,NULL,219,4,4,1,2.89,0.0491,5.07,85,0,24232,3,27,1,0,1,0,NULL,116.14,0,NULL,NULL,NULL,NULL,NULL,NULL,NULL,NULL,NULL,NULL,NULL,NULL,-1.0,0.0,9.0,NULL,NULL,NULL,NULL,NULL,NULL,-1.0,0.0,9.0,1
219,NULL,NULL,219,3,4.5,1,1.61,0.0143,4.44,60,0,24232,3,27,1,0,1,0,NULL,114.45,0,NULL,NULL,NULL,0.0,0.0,NULL,NULL,NULL,NULL,NULL,NULL,NULL,NULL,NULL,NULL,NULL,NULL,NULL,NULL,NULL,NULL,0.0,0.0,NULL,0
219,NULL,NULL,219,4,4,1,2.48,0.0369,5.46,119,0,24232,3,27,1,0,1,0,NULL,116.58,0,NULL,NULL,NULL,0.0,0.0,NULL,NULL,NULL,NULL,NULL,NULL,NULL,NULL,1.0,NULL,NULL,NULL,NULL,NULL,NULL,NULL,0.0,0.0,NULL,0
219,NULL,NULL,219,3,3,1,3.04,0.0894,4.43,44,1,24232,3,27,1,0,1,0,NULL,115.77,0,NULL,NULL,NULL,1.0,0.0,12.0,NULL,NULL,NULL,NULL,NULL,NULL,0.0,0.0,19.0,NULL,NULL,NULL,NULL,NULL,NULL,1.0,0.0,5.0,0
219,NULL,NULL,219,4,4,1,2.64,0.042,5.35,98,0,24232,3,27,1,0,1,0,NULL,116.07,0,NULL,NULL,NULL,0.0,0.0,NULL,NULL,NULL,NULL,NULL,NULL,NULL,NULL,NULL,NULL,NULL,NULL,NULL,NULL,NULL,NULL,0.0,0.0,NULL,0
219,NULL,NULL,219,4,4.5,0,1.1,0.0249,4.95,159,1,24232,3,27,1,0,1,0,NULL,131.1,0,NULL,NULL,NULL,NULL,NULL,NULL,NULL,NULL,NULL,NULL,NULL,NULL,NULL,NULL,NULL,NULL,NULL,NULL,NULL,NULL,NULL,NULL,NULL,NULL,0
219,NULL,NULL,219,4,3.5,1,2.64,0.041,5.24,101,0,24232,3,27,1,0,1,0,NULL,116.07,0,NULL,NULL,NULL,1.0,0.0,5.0,NULL,NULL,NULL,NULL,NULL,NULL,0.0,0.0,NULL,NULL,NULL,NULL,NULL,NULL,NULL,0.0,0.0,NULL,0
219,NULL,NULL,219,2,4,1,1.1,0.0182,4.45,56,1,24232,3,27,1,0,1,0,NULL,116.93,0,NULL,NULL,NULL,0.0,0.0,NULL,NULL,NULL,NULL,NULL,NULL,NULL,1.0,0.0,13.0,NULL,NULL,NULL,NULL,NULL,NULL,0.0,0.0,NULL,0
219,NULL,NULL,219,4,4,1,3,0.0363,4.9,79,0,24232,3,27,1,0,1,0,NULL,115.87,0,NULL,NULL,NULL,0.0,0.0,NULL,NULL,NULL,NULL,NULL,NULL,NULL,0.0,0.0,NULL,NULL,NULL,NULL,NULL,NULL,NULL,1.0,0.0,12.0,0
219,NULL,NULL,219,4,4.5,1,2.48,0.0372,5.23,97,0,24232,3,27,1,0,1,0,NULL,116.41,0,NULL,NULL,NULL,0.0,0.0,NULL,NULL,NULL,NULL,NULL,NULL,NULL,0.0,0.0,NULL,NULL,NULL,NULL,NULL,NULL,NULL,0.0,0.0,NULL,0
219,NULL,NULL,219,3,4,1,2.08,0.0672,4.77,79,1,24232,3,27,1,0,1,0,NULL,114.8,0,NULL,NULL,NULL,1.0,0.0,11.0,NULL,NULL,NULL,NULL,NULL,NULL,NULL,NULL,NULL,NULL,NULL,NULL,NULL,NULL,NULL,1.0,0.0,11.0,0
219,NULL,NULL,219,4,4.5,1,1.61,0.0229,5.35,95,1,24232,3,27,1,0,1,0,NULL,115.0,0,NULL,NULL,NULL,0.0,0.0,NULL,NULL,NULL,NULL,NULL,NULL,NULL,NULL,NULL,NULL,NULL,NULL,NULL,NULL,NULL,NULL,0.0,0.0,NULL,0
219,NULL,NULL,219,3,4.5,1,2.77,0.0136,5.12,84,0,24232,3,27,1,0,1,0,NULL,115.52,0,NULL,NULL,NULL,NULL,NULL,NULL,NULL,NULL,NULL,NULL,NULL,NULL,0.0,0.0,NULL,NULL,NULL,NULL,NULL,NULL,NULL,0.0,0.0,NULL,0
219,NULL,NULL,219,4,4,0,1.79,0.0233,4.9,82,1,24232,3,27,1,0,1,0,NULL,113.24,0,NULL,NULL,NULL,-1.0,0.0,5.0,NULL,NULL,NULL,NULL,NULL,NULL,1.0,0.0,11.0,NULL,NULL,NULL,NULL,NULL,NULL,1.0,0.0,11.0,0
219,NULL,NULL,219,4,4.5,1,2.71,0.0108,5.42,129,0,24232,3,27,1,0,1,0,NULL,114.89,0,NULL,NULL,NULL,0.0,0.0,NULL,NULL,NULL,NULL,NULL,NULL,NULL,0.0,0.0,NULL,NULL,NULL,NULL,NULL,NULL,NULL,0.0,0.0,NULL,0
219,NULL,NULL,219,2,4,1,1.1,0.0106,4.61,69,0,24232,3,27,1,0,1,0,NULL,117.12,0,NULL,NULL,NULL,0.0,0.0,NULL,NULL,NULL,NULL,NULL,NULL,NULL,NULL,NULL,NULL,NULL,NULL,NULL,NULL,NULL,NULL,0.0,0.0,NULL,0
219,NULL,NULL,219,4,4,1,3.09,0.0579,4.76,76,0,24232,3,27,1,0,1,0,NULL,115.88,0,NULL,NULL,NULL,NULL,NULL,NULL,NULL,NULL,NULL,NULL,NULL,NULL,0.0,0.0,NULL,NULL,NULL,NULL,NULL,NULL,NULL,0.0,0.0,NULL,0
219,NULL,NULL,219,3,4,0,1.95,0.078,4.93,91,1,24232,3,27,1,0,1,0,NULL,115.33,0,NULL,NULL,NULL,0.0,0.0,NULL,NULL,NULL,NULL,NULL,NULL,NULL,0.0,0.0,NULL,NULL,NULL,NULL,NULL,NULL,NULL,0.0,0.0,NULL,0
219,NULL,NULL,219,4,4.5,1,1.95,0.0939,5,75,1,24232,3,27,1,0,1,0,NULL,114.89,0,NULL,NULL,NULL,NULL,NULL,NULL,NULL,NULL,NULL,NULL,NULL,NULL,0.0,0.0,NULL,NULL,NULL,NULL,NULL,NULL,NULL,0.0,0.0,NULL,0
219,NULL,NULL,219,3,4.5,1,2.83,0.0125,5.11,99,0,24232,3,27,1,0,1,0,NULL,115.12,0,NULL,NULL,NULL,0.0,0.0,NULL,NULL,NULL,NULL,NULL,NULL,NULL,0.0,0.0,NULL,NULL,NULL,NULL,NULL,NULL,NULL,0.0,0.0,NULL,0
219,NULL,NULL,219,4,4,1,1.95,0.113,5.07,76,1,24232,3,27,1,0,1,0,NULL,115.07,0,NULL,NULL,NULL,0.0,0.0,NULL,NULL,NULL,NULL,NULL,NULL,NULL,0.0,0.0,NULL,NULL,NULL,NULL,NULL,NULL,NULL,0.0,0.0,NULL,0
219,NULL,NULL,219,3,4,1,1.95,0.0047,5.01,84,0,24232,3,27,1,0,1,0,NULL,115.08,0,NULL,NULL,NULL,NULL,NULL,NULL,NULL,NULL,NULL,NULL,NULL,NULL,0.0,0.0,NULL,NULL,NULL,NULL,NULL,NULL,NULL,0.0,0.0,NULL,0
219,NULL,NULL,219,4,4,1,2.94,0.0721,5.24,90,1,24232,3,27,1,0,1,0,NULL,115.96,0,NULL,NULL,NULL,0.0,0.0,NULL,NULL,NULL,NULL,NULL,NULL,NULL,0.0,0.0,NULL,NULL,NULL,NULL,NULL,NULL,NULL,-1.0,0.0,5.0,0
219,NULL,NULL,219,3,4.5,1,2.64,0.0153,5.15,89,0,24232,3,27,1,0,1,0,NULL,115.7,0,NULL,NULL,NULL,1.0,0.0,11.0,NULL,NULL,NULL,NULL,NULL,NULL,1.0,0.0,44.0,NULL,NULL,NULL,NULL,NULL,NULL,1.0,0.0,11.0,0
219,NULL,NULL,219,4,4.5,1,2.64,0.0462,5.55,139,0,24232,3,27,1,0,1,0,NULL,116.41,0,NULL,NULL,NULL,0.0,0.0,NULL,NULL,NULL,NULL,NULL,NULL,NULL,0.0,0.0,NULL,NULL,NULL,NULL,NULL,NULL,NULL,0.0,0.0,NULL,0
219,NULL,NULL,219,4,4,1,2.89,0.0122,5.17,91,0,24232,3,27,1,0,1,0,NULL,115.17,0,NULL,NULL,NULL,NULL,NULL,NULL,NULL,NULL,NULL,NULL,NULL,NULL,0.0,0.0,NULL,NULL,NULL,NULL,NULL,NULL,NULL,0.0,0.0,NULL,0
219,NULL,NULL,219,3,4.5,1,2.77,0.0139,4.85,84,0,24232,3,27,1,0,1,0,NULL,115.53,0,NULL,NULL,NULL,NULL,NULL,NULL,NULL,NULL,NULL,NULL,NULL,NULL,0.0,0.0,NULL,NULL,NULL,NULL,NULL,NULL,NULL,0.0,0.0,NULL,0
219,NULL,NULL,219,4,4.5,1,2.08,0.0946,5.64,129,0,24232,3,27,1,0,1,0,NULL,114.98,0,NULL,NULL,NULL,0.0,0.0,NULL,NULL,NULL,NULL,NULL,NULL,NULL,0.0,0.0,NULL,NULL,NULL,NULL,NULL,NULL,NULL,0.0,0.0,NULL,0
219,NULL,NULL,219,3,4.5,1,3.04,0.071,4.9,88,0,24232,3,27,1,0,1,0,NULL,115.57,0,NULL,NULL,NULL,-1.0,0.0,5.0,NULL,NULL,NULL,NULL,NULL,NULL,1.0,0.0,12.0,NULL,NULL,NULL,NULL,NULL,NULL,-1.0,0.0,5.0,0
219,NULL,NULL,219,3,4,1,1.61,0.005,5.08,98,0,24232,3,27,1,0,1,0,NULL,114.96,0,NULL,NULL,NULL,NULL,NULL,NULL,NULL,NULL,NULL,NULL,NULL,NULL,0.0,0.0,NULL,NULL,NULL,NULL,NULL,NULL,NULL,0.0,0.0,NULL,0
219,NULL,NULL,219,3,4,0,1.39,0.0169,4.83,109,0,24232,3,27,1,0,1,0,NULL,116.71,0,NULL,NULL,NULL,0.0,0.0,NULL,NULL,NULL,NULL,NULL,NULL,NULL,0.0,0.0,NULL,NULL,NULL,NULL,NULL,NULL,NULL,0.0,0.0,NULL,0
129,NULL,NULL,219,3,4,0,5.72,0.1136,5.81,248.17,1,5143,6,144,5,0,1,0,NULL,3748.9,0,NULL,NULL,NULL,NULL,NULL,NULL,NULL,NULL,NULL,NULL,NULL,NULL,NULL,NULL,NULL,NULL,NULL,NULL,NULL,NULL,NULL,NULL,NULL,NULL,1
129,NULL,NULL,219,4,4.5,0,5.7,0.1296,5.91,689.66,0,5143,6,144,5,0,1,0,NULL,3747.89,0,NULL,NULL,NULL,NULL,NULL,NULL,NULL,NULL,NULL,NULL,NULL,NULL,NULL,NULL,NULL,NULL,NULL,NULL,NULL,NULL,NULL,NULL,NULL,NULL,0
129,NULL,NULL,219,4,0,1,5.82,0.1251,5.82,566.88,0,5143,6,144,5,0,1,0,NULL,3748.71,0,NULL,NULL,NULL,NULL,NULL,NULL,NULL,NULL,NULL,NULL,NULL,NULL,NULL,NULL,NULL,NULL,NULL,NULL,NULL,NULL,NULL,NULL,NULL,NULL,0
129,NULL,NULL,219,4,4.5,1,5.88,0.2132,6.21,519.85,0,5143,6,144,5,0,1,0,NULL,3748.29,0,NULL,NULL,NULL,NULL,NULL,NULL,NULL,NULL,NULL,NULL,NULL,NULL,NULL,NULL,NULL,NULL,NULL,NULL,NULL,NULL,NULL,NULL,NULL,NULL,0
129,NULL,NULL,219,4,4,1,5.52,0.0758,5.96,441.48,0,5143,6,144,5,0,1,0,NULL,3748.98,0,NULL,NULL,NULL,NULL,NULL,NULL,NULL,NULL,NULL,NULL,NULL,NULL,NULL,NULL,NULL,NULL,NULL,NULL,NULL,NULL,NULL,NULL,NULL,NULL,0
129,NULL,NULL,219,4,4.5,1,5.69,0.124,5.89,433.65,1,5143,6,144,5,0,1,0,NULL,3747.88,0,NULL,NULL,NULL,NULL,NULL,NULL,NULL,NULL,NULL,NULL,NULL,NULL,NULL,NULL,NULL,NULL,NULL,NULL,NULL,NULL,NULL,NULL,NULL,NULL,0
129,NULL,NULL,219,4,4,1,5.78,0.146,6.11,591.69,0,5143,6,144,5,0,1,0,NULL,3747.98,0,NULL,NULL,NULL,NULL,NULL,NULL,NULL,NULL,NULL,NULL,NULL,NULL,NULL,NULL,NULL,NULL,NULL,NULL,NULL,NULL,NULL,NULL,NULL,NULL,0
129,NULL,NULL,219,3,4,0,5.71,0.1044,5.76,1332.29,0,5143,6,144,5,0,1,0,NULL,3748.4,0,NULL,NULL,NULL,NULL,NULL,NULL,NULL,NULL,NULL,NULL,NULL,NULL,NULL,NULL,NULL,NULL,NULL,NULL,NULL,NULL,NULL,NULL,NULL,NULL,0
129,NULL,NULL,219,3,3.5,1,3.14,7.0E-4,5.49,329.15,0,5143,6,144,5,0,1,0,NULL,3746.26,0,NULL,NULL,NULL,NULL,NULL,NULL,NULL,NULL,NULL,NULL,NULL,NULL,NULL,NULL,NULL,NULL,NULL,NULL,NULL,NULL,NULL,NULL,NULL,NULL,0
129,NULL,NULL,219,3,4.5,1,5.74,0.137,6.21,933.91,0,5143,6,144,5,0,1,0,NULL,3747.94,0,NULL,NULL,NULL,NULL,NULL,NULL,NULL,NULL,NULL,NULL,NULL,NULL,NULL,NULL,NULL,NULL,NULL,NULL,NULL,NULL,NULL,NULL,NULL,NULL,0
129,NULL,NULL,219,4,4.5,0,5.63,0.0891,5.99,428.42,0,5143,6,144,5,0,1,0,NULL,3747.65,0,NULL,NULL,NULL,NULL,NULL,NULL,NULL,NULL,NULL,NULL,NULL,NULL,NULL,NULL,NULL,NULL,NULL,NULL,NULL,NULL,NULL,NULL,NULL,NULL,0
129,NULL,NULL,219,2,2.5,0,5.79,0.1589,5.48,350.05,1,5143,6,144,5,0,1,0,NULL,3748.75,0,NULL,NULL,NULL,NULL,NULL,NULL,NULL,NULL,NULL,NULL,NULL,NULL,NULL,NULL,NULL,NULL,NULL,NULL,NULL,NULL,NULL,NULL,NULL,NULL,0
129,NULL,NULL,219,3,4,0,5.29,0.0744,5.7,389.24,1,5143,6,144,5,0,1,0,NULL,3748.35,0,NULL,NULL,NULL,NULL,NULL,NULL,NULL,NULL,NULL,NULL,NULL,NULL,NULL,NULL,NULL,NULL,NULL,NULL,NULL,NULL,NULL,NULL,NULL,NULL,0
129,NULL,NULL,219,5,4.5,1,5.77,0.1924,6.21,799.37,0,5143,6,144,5,0,1,0,NULL,3747.94,0,NULL,NULL,NULL,NULL,NULL,NULL,NULL,NULL,NULL,NULL,NULL,NULL,NULL,NULL,NULL,NULL,NULL,NULL,NULL,NULL,NULL,NULL,NULL,NULL,0
129,NULL,NULL,219,4,4.5,0,5.97,0.1746,5.95,414.05,0,5143,6,144,5,0,1,0,NULL,3748.34,0,NULL,NULL,NULL,NULL,NULL,NULL,NULL,NULL,NULL,NULL,NULL,NULL,NULL,NULL,NULL,NULL,NULL,NULL,NULL,NULL,NULL,NULL,NULL,NULL,0
129,NULL,NULL,219,5,5,0,5.83,0.1156,6.21,787.62,1,5143,6,144,5,0,1,0,NULL,3748.64,0,NULL,NULL,NULL,NULL,NULL,NULL,NULL,NULL,NULL,NULL,NULL,NULL,NULL,NULL,NULL,NULL,NULL,NULL,NULL,NULL,NULL,NULL,NULL,NULL,0
216,NULL,NULL,219,3,3.5,1,4.76,0.3273,5.14,132.21,1,20319,9,13,2,0,1,0,NULL,NULL,0,NULL,NULL,NULL,0.0,0.0,NULL,0.0,0.0,NULL,NULL,NULL,NULL,0.0,0.0,NULL,NULL,NULL,NULL,NULL,NULL,NULL,0.0,0.0,NULL,0
216,NULL,NULL,219,3,4,1,4.63,0.3878,5.25,186.8,1,20319,9,13,2,0,1,0,NULL,NULL,0,NULL,NULL,NULL,0.0,0.0,NULL,0.0,0.0,NULL,NULL,NULL,NULL,0.0,0.0,NULL,NULL,NULL,NULL,NULL,NULL,NULL,0.0,0.0,NULL,0
216,NULL,NULL,219,2,3,0,4.74,0.4578,5.05,120.61,0,20319,9,13,2,0,1,0,NULL,NULL,0,NULL,NULL,NULL,NULL,1.0,NULL,NULL,1.0,NULL,NULL,NULL,NULL,-1.0,0.0,6.0,NULL,NULL,NULL,NULL,NULL,NULL,-1.0,0.0,6.0,0
216,NULL,NULL,219,2,3,1,0.69,0.0028,5.07,137.82,1,20319,9,13,2,0,1,0,NULL,NULL,0,NULL,NULL,NULL,0.0,0.0,NULL,0.0,0.0,NULL,NULL,NULL,NULL,0.0,0.0,NULL,NULL,NULL,NULL,NULL,NULL,NULL,0.0,0.0,NULL,0
216,NULL,NULL,219,4,4.5,1,4.74,0.4738,6.02,289.4,1,20319,9,13,2,0,1,0,NULL,NULL,0,NULL,NULL,NULL,0.0,0.0,NULL,0.0,0.0,NULL,NULL,NULL,NULL,NULL,NULL,NULL,NULL,NULL,NULL,NULL,NULL,NULL,0.0,0.0,NULL,0
216,NULL,NULL,219,4,4,0,4.49,0.2006,5.68,243.59,1,20319,9,13,2,0,1,0,NULL,NULL,0,NULL,NULL,NULL,0.0,0.0,NULL,0.0,0.0,NULL,NULL,NULL,NULL,0.0,0.0,NULL,NULL,NULL,NULL,NULL,NULL,NULL,0.0,0.0,NULL,0
216,NULL,NULL,219,4,4.5,1,3.5,0.0183,5.91,274.14,1,20319,9,13,2,0,1,0,NULL,NULL,0,NULL,NULL,NULL,0.0,0.0,NULL,0.0,0.0,NULL,NULL,NULL,NULL,0.0,0.0,NULL,NULL,NULL,NULL,NULL,NULL,NULL,0.0,0.0,NULL,0
216,NULL,NULL,219,4,4.5,1,4.61,0.3821,5.88,283.98,0,20319,9,13,2,0,1,0,NULL,NULL,0,NULL,NULL,NULL,0.0,0.0,NULL,0.0,0.0,NULL,NULL,NULL,NULL,0.0,0.0,NULL,NULL,NULL,NULL,NULL,NULL,NULL,0.0,0.0,NULL,0
216,NULL,NULL,219,4,4.5,1,4.81,0.364,6.03,289.55,0,20319,9,13,2,0,1,0,NULL,NULL,0,NULL,NULL,NULL,1.0,0.0,13.0,-1.0,0.0,9.0,NULL,NULL,NULL,NULL,NULL,NULL,NULL,NULL,NULL,NULL,NULL,NULL,0.0,0.0,NULL,0
216,NULL,NULL,219,3,3.5,0,4.39,0.1686,5.11,185.71,1,20319,9,13,2,0,1,0,NULL,NULL,0,NULL,NULL,NULL,0.0,0.0,NULL,0.0,0.0,NULL,NULL,NULL,NULL,0.0,0.0,NULL,NULL,NULL,NULL,NULL,NULL,NULL,0.0,0.0,NULL,0
216,NULL,NULL,219,4,4.5,1,4.6,0.3294,6.05,303.63,0,20319,9,13,2,0,1,0,NULL,NULL,0,NULL,NULL,NULL,0.0,0.0,NULL,0.0,0.0,NULL,NULL,NULL,NULL,0.0,0.0,NULL,NULL,NULL,NULL,NULL,NULL,NULL,0.0,0.0,NULL,0
216,NULL,NULL,219,4,4,1,4.6,0.3128,5.84,227.67,1,20319,9,13,2,0,1,0,NULL,NULL,0,NULL,NULL,NULL,0.0,0.0,NULL,NULL,NULL,NULL,NULL,NULL,NULL,1.0,0.0,22.0,NULL,NULL,NULL,NULL,NULL,NULL,0.0,0.0,NULL,0
216,NULL,NULL,219,4,4,1,4.81,0.4185,5.66,268.49,1,20319,9,13,2,0,1,0,NULL,NULL,0,NULL,NULL,NULL,0.0,0.0,NULL,0.0,0.0,NULL,NULL,NULL,NULL,0.0,0.0,NULL,NULL,NULL,NULL,NULL,NULL,NULL,0.0,0.0,NULL,0
216,NULL,NULL,219,2,3,1,3.4,0.0281,5.22,127.84,1,20319,9,13,2,0,1,0,NULL,NULL,0,NULL,NULL,NULL,0.0,0.0,NULL,0.0,0.0,NULL,NULL,NULL,NULL,0.0,0.0,NULL,NULL,NULL,NULL,NULL,NULL,NULL,0.0,0.0,NULL,0
216,NULL,NULL,219,3,3.5,1,4.72,0.445,5.36,157.52,1,20319,9,13,2,0,1,0,NULL,NULL,0,NULL,NULL,NULL,0.0,0.0,NULL,0.0,0.0,20.0,NULL,NULL,NULL,0.0,0.0,9.0,NULL,NULL,NULL,NULL,NULL,NULL,0.0,0.0,9.0,0
216,NULL,NULL,219,3,4,1,4.74,0.4562,5.37,159.48,1,20319,9,13,2,0,1,0,NULL,NULL,0,NULL,NULL,NULL,0.0,0.0,NULL,0.0,0.0,10.0,NULL,NULL,NULL,0.0,0.0,10.0,NULL,NULL,NULL,NULL,NULL,NULL,0.0,0.0,10.0,0
216,NULL,NULL,219,3,3.5,0,4.65,0.4555,5.35,185.72,1,20319,9,13,2,0,1,0,NULL,NULL,0,NULL,NULL,NULL,0.0,0.0,7.0,0.0,0.0,15.0,NULL,NULL,NULL,0.0,0.0,NULL,NULL,NULL,NULL,NULL,NULL,NULL,0.0,0.0,14.0,0
216,NULL,NULL,219,4,4,0,4.63,0.4083,5.63,209.73,1,20319,9,13,2,0,1,0,NULL,NULL,0,NULL,NULL,NULL,0.0,0.0,NULL,0.0,0.0,NULL,NULL,1.0,NULL,0.0,0.0,NULL,NULL,NULL,NULL,NULL,NULL,NULL,-1.0,0.0,10.0,0
216,NULL,NULL,219,3,4,1,4.65,0.4413,5.5,215.19,1,20319,9,13,2,0,1,0,NULL,NULL,0,NULL,NULL,NULL,0.0,0.0,NULL,0.0,0.0,NULL,NULL,NULL,NULL,0.0,0.0,NULL,NULL,NULL,NULL,NULL,NULL,NULL,0.0,0.0,NULL,0
216,NULL,NULL,219,2,3,0,4.42,0.1746,5.4,161.69,0,20319,9,13,2,0,1,0,NULL,NULL,0,NULL,NULL,NULL,0.0,0.0,NULL,0.0,0.0,NULL,NULL,NULL,NULL,0.0,0.0,NULL,NULL,NULL,NULL,NULL,NULL,NULL,0.0,0.0,NULL,0
216,NULL,NULL,219,4,4.5,1,4.81,0.3676,6.21,293.8,0,20319,9,13,2,0,1,0,NULL,NULL,0,NULL,NULL,NULL,NULL,1.0,NULL,0.0,0.0,NULL,0.0,0.0,NULL,0.0,0.0,6.0,NULL,NULL,NULL,NULL,NULL,NULL,0.0,0.0,NULL,0
216,NULL,NULL,219,3,4,1,4.17,0.1121,5.4,162.46,0,20319,9,13,2,0,1,0,NULL,NULL,0,NULL,NULL,NULL,0.0,0.0,NULL,0.0,0.0,NULL,NULL,NULL,NULL,NULL,1.0,NULL,NULL,NULL,NULL,NULL,NULL,NULL,0.0,0.0,NULL,0
216,NULL,NULL,219,3,3.5,1,4.55,0.2653,5.63,176.98,1,20319,9,13,2,0,1,0,NULL,NULL,0,NULL,NULL,NULL,0.0,0.0,NULL,0.0,0.0,NULL,NULL,NULL,NULL,0.0,0.0,NULL,NULL,NULL,NULL,NULL,NULL,NULL,0.0,0.0,NULL,1
216,NULL,NULL,219,3,4,1,4.74,0.421,5.21,144.22,1,20319,9,13,2,0,1,0,NULL,NULL,0,NULL,NULL,NULL,0.0,0.0,NULL,0.0,0.0,NULL,NULL,NULL,NULL,0.0,0.0,NULL,NULL,NULL,NULL,NULL,NULL,NULL,0.0,0.0,NULL,0
216,NULL,NULL,219,4,4.5,1,4.81,0.3536,5.59,221.33,0,20319,9,13,2,0,1,0,NULL,NULL,0,NULL,NULL,NULL,-1.0,0.0,8.0,0.0,0.0,NULL,NULL,NULL,NULL,0.0,0.0,NULL,NULL,NULL,NULL,NULL,NULL,NULL,0.0,0.0,NULL,0
216,NULL,NULL,219,3,3.5,1,4.77,0.3932,5.25,210.82,1,20319,9,13,2,0,1,0,NULL,NULL,0,NULL,NULL,NULL,0.0,0.0,NULL,0.0,0.0,NULL,NULL,NULL,NULL,0.0,0.0,NULL,NULL,NULL,NULL,NULL,NULL,NULL,0.0,0.0,NULL,0
216,NULL,NULL,219,3,0,0,4.81,NULL,5.51,145.31,0,20319,9,13,2,0,1,0,NULL,NULL,0,NULL,NULL,NULL,0.0,0.0,NULL,0.0,0.0,NULL,NULL,NULL,NULL,0.0,0.0,NULL,NULL,NULL,NULL,NULL,NULL,NULL,NULL,NULL,NULL,0
216,NULL,NULL,219,3,4,1,4.61,0.2374,5.55,193.35,1,20319,9,13,2,0,1,0,NULL,NULL,0,NULL,NULL,NULL,0.0,0.0,NULL,0.0,0.0,NULL,NULL,NULL,NULL,0.0,0.0,NULL,NULL,NULL,NULL,NULL,NULL,NULL,0.0,0.0,NULL,0
216,NULL,NULL,15,4,3,0,1.1,NULL,5.7,120.83,0,19144,1,214,2,2,1,1,NULL,NULL,1,NULL,NULL,NULL,NULL,NULL,NULL,NULL,NULL,NULL,0.0,0.0,NULL,0.0,0.0,NULL,NULL,NULL,NULL,0.0,0.0,NULL,NULL,NULL,NULL,0
216,NULL,NULL,15,2,3.5,1,1.61,0.0148,4.91,101.23,0,19144,1,214,2,2,1,1,NULL,NULL,1,NULL,NULL,NULL,0.0,0.0,NULL,NULL,NULL,NULL,0.0,0.0,NULL,0.0,0.0,NULL,0.0,0.0,NULL,0.0,0.0,NULL,NULL,NULL,NULL,0
216,NULL,NULL,15,0,5,0,4.55,NULL,4.96,187.68,0,19144,1,214,2,2,1,1,NULL,NULL,1,NULL,NULL,NULL,NULL,1.0,NULL,NULL,NULL,NULL,NULL,NULL,NULL,NULL,NULL,NULL,NULL,0.0,NULL,NULL,NULL,NULL,NULL,NULL,NULL,0
216,NULL,NULL,15,4,3.5,1,3.78,NULL,5.31,187.96,0,19144,1,214,2,2,1,1,NULL,NULL,1,NULL,NULL,NULL,NULL,NULL,NULL,NULL,NULL,NULL,0.0,0.0,NULL,0.0,0.0,NULL,1.0,0.0,11.0,NULL,NULL,NULL,NULL,NULL,NULL,0
216,NULL,NULL,15,4,4,0,3.83,NULL,5.31,167.9,0,19144,1,214,2,2,1,1,NULL,NULL,1,NULL,NULL,NULL,NULL,NULL,NULL,NULL,NULL,NULL,NULL,NULL,NULL,-1.0,0.0,42.0,-1.0,0.0,36.0,1.0,0.0,55.0,NULL,NULL,NULL,0
216,NULL,NULL,15,4,3.5,0,4.47,NULL,4.98,174.26,0,19144,1,214,2,2,1,1,NULL,NULL,1,NULL,NULL,NULL,NULL,NULL,NULL,NULL,NULL,NULL,1.0,0.0,15.0,1.0,0.0,15.0,NULL,NULL,NULL,NULL,NULL,NULL,NULL,NULL,NULL,0
216,NULL,NULL,15,3,0,0,4.2,NULL,4.83,111.88,0,19144,1,214,2,2,1,1,NULL,NULL,1,NULL,NULL,NULL,1.0,0.0,12.0,NULL,NULL,NULL,1.0,0.0,124.0,1.0,0.0,20.0,1.0,0.0,20.0,1.0,0.0,44.0,NULL,NULL,NULL,0
216,NULL,NULL,15,4,2.5,0,2.4,NULL,5.17,160.84,0,19144,1,214,2,2,1,1,NULL,NULL,1,NULL,NULL,NULL,1.0,0.0,279.0,NULL,NULL,NULL,NULL,NULL,NULL,0.0,0.0,NULL,0.0,0.0,NULL,-1.0,0.0,14.0,NULL,NULL,NULL,0
216,NULL,NULL,15,3,3.5,0,4.67,NULL,4.78,138.19,0,19144,1,214,2,2,1,1,NULL,NULL,1,NULL,NULL,NULL,NULL,1.0,NULL,NULL,NULL,NULL,1.0,0.0,13.0,0.0,0.0,NULL,NULL,NULL,NULL,1.0,0.0,14.0,NULL,NULL,NULL,0
216,NULL,NULL,15,3,4.5,0,0,0.0111,4.8,145.44,0,19144,1,214,2,2,1,1,NULL,NULL,1,NULL,NULL,NULL,NULL,NULL,NULL,NULL,NULL,NULL,0.0,1.0,NULL,0.0,0.0,NULL,NULL,NULL,NULL,NULL,NULL,NULL,NULL,NULL,NULL,0
216,NULL,NULL,15,4,3.5,0,3.22,0.0207,5.31,147.68,0,19144,1,214,2,2,1,1,NULL,NULL,1,NULL,NULL,NULL,NULL,NULL,NULL,NULL,NULL,NULL,0.0,0.0,NULL,-1.0,0.0,9.0,NULL,NULL,NULL,NULL,NULL,NULL,NULL,NULL,NULL,0
216,NULL,NULL,15,4,4,0,4.42,0.0879,5.18,172.91,0,19144,1,214,2,2,1,1,-4.5989,NULL,1,NULL,NULL,NULL,-1.0,0.0,4.0,NULL,NULL,NULL,-1.0,0.0,4.0,-1.0,0.0,4.0,1.0,0.0,173.0,NULL,NULL,NULL,NULL,NULL,NULL,0
216,NULL,NULL,15,4,3,1,4.56,NULL,5.23,150.37,0,19144,1,214,2,2,1,1,NULL,NULL,1,NULL,NULL,NULL,0.0,0.0,NULL,NULL,NULL,NULL,0.0,0.0,NULL,0.0,0.0,NULL,1.0,0.0,12.0,1.0,0.0,12.0,NULL,NULL,NULL,0
216,NULL,NULL,15,3,1.5,0,4.44,NULL,4.83,184.6,0,19144,1,214,2,2,1,1,NULL,NULL,1,NULL,NULL,NULL,1.0,1.0,25.0,NULL,NULL,NULL,1.0,0.0,25.0,-1.0,0.0,7.0,-1.0,0.0,27.0,NULL,NULL,NULL,NULL,NULL,NULL,0
216,NULL,NULL,15,4,3.5,0,4.26,NULL,4.98,179.01,0,19144,1,214,2,2,1,1,NULL,NULL,1,NULL,NULL,NULL,1.0,0.0,33.0,NULL,NULL,NULL,-1.0,0.0,9.0,1.0,0.0,200.0,1.0,0.0,37.0,1.0,0.0,30.0,NULL,NULL,NULL,0
216,NULL,NULL,15,3,4.5,0,1.1,0.0022,4.85,110.76,0,19144,1,214,2,2,1,1,NULL,NULL,1,NULL,NULL,NULL,NULL,NULL,NULL,NULL,NULL,NULL,0.0,0.0,NULL,NULL,1.0,NULL,NULL,NULL,NULL,NULL,NULL,NULL,NULL,NULL,NULL,0
216,NULL,NULL,15,4,4.5,1,2.89,0.022,5.14,114.12,1,19144,1,214,2,2,1,1,-4.1804,NULL,1,NULL,NULL,NULL,1.0,0.0,39.0,NULL,NULL,NULL,1.0,0.0,90.0,1.0,0.0,31.0,NULL,NULL,NULL,NULL,NULL,NULL,NULL,NULL,NULL,0
216,NULL,NULL,15,3,5,0,4.19,NULL,4.53,174.53,0,19144,1,214,2,2,1,1,NULL,NULL,1,NULL,NULL,NULL,NULL,NULL,NULL,NULL,NULL,NULL,-1.0,0.0,9.0,1.0,0.0,49.0,NULL,NULL,NULL,NULL,NULL,NULL,NULL,NULL,NULL,0
216,NULL,NULL,15,4,3.5,0,4.41,NULL,5.18,100.69,0,19144,1,214,2,2,1,1,NULL,NULL,1,NULL,NULL,NULL,NULL,NULL,NULL,NULL,NULL,NULL,0.0,0.0,NULL,1.0,0.0,11.0,1.0,0.0,11.0,-1.0,0.0,33.0,NULL,NULL,NULL,0
216,NULL,NULL,15,4,4,0,1.61,0.0033,5.2,134.26,0,19144,1,214,2,2,1,1,NULL,NULL,1,NULL,NULL,NULL,1.0,0.0,54.0,NULL,NULL,NULL,1.0,0.0,40.0,-1.0,0.0,7.0,1.0,0.0,9.0,1.0,0.0,9.0,NULL,NULL,NULL,0
216,NULL,NULL,15,1,1.5,0,4.04,NULL,5.1,73.84,0,19144,1,214,2,2,1,1,NULL,NULL,1,NULL,NULL,NULL,NULL,NULL,NULL,NULL,NULL,NULL,-1.0,0.0,23.0,1.0,0.0,9.0,NULL,NULL,NULL,1.0,0.0,51.0,NULL,NULL,NULL,0
216,NULL,NULL,15,0,3,0,3.22,NULL,4.96,134.26,0,19144,1,214,2,2,1,1,NULL,NULL,1,NULL,NULL,NULL,NULL,NULL,NULL,NULL,NULL,NULL,NULL,NULL,NULL,NULL,NULL,NULL,NULL,NULL,NULL,NULL,NULL,NULL,NULL,NULL,NULL,0
216,NULL,NULL,15,0,0,0,4.38,NULL,4.97,88.36,0,19144,1,214,2,2,1,1,NULL,NULL,1,NULL,NULL,NULL,NULL,NULL,NULL,NULL,NULL,NULL,NULL,NULL,NULL,NULL,NULL,NULL,NULL,NULL,NULL,NULL,NULL,NULL,NULL,NULL,NULL,0
216,NULL,NULL,15,4,4,0,3.95,NULL,5.23,167.81,0,19144,1,214,2,2,1,1,NULL,NULL,1,NULL,NULL,NULL,0.0,0.0,NULL,NULL,NULL,NULL,0.0,0.0,NULL,0.0,0.0,NULL,0.0,0.0,NULL,0.0,0.0,NULL,NULL,NULL,NULL,0
216,NULL,NULL,15,4,4,0,4.65,NULL,4.93,174.53,0,19144,1,214,2,2,1,1,NULL,NULL,1,NULL,NULL,NULL,NULL,1.0,NULL,NULL,NULL,NULL,0.0,0.0,NULL,-1.0,0.0,11.0,NULL,NULL,NULL,NULL,NULL,NULL,NULL,NULL,NULL,0
216,NULL,NULL,15,4,3.5,0,4.65,NULL,4.87,153.05,0,19144,1,214,2,2,1,1,NULL,NULL,1,NULL,NULL,NULL,NULL,NULL,NULL,NULL,NULL,NULL,0.0,0.0,NULL,1.0,0.0,5.0,NULL,NULL,NULL,NULL,NULL,NULL,NULL,NULL,NULL,0
92,NULL,NULL,219,3,3,1,1.39,0.1142,4.43,48.77,1,2715,2,11,1,0,1,0,NULL,NULL,0,NULL,NULL,NULL,1.0,0.0,33.0,NULL,NULL,NULL,NULL,NULL,NULL,NULL,NULL,NULL,NULL,NULL,NULL,NULL,NULL,NULL,NULL,NULL,NULL,0
92,NULL,NULL,219,3,4,1,1.39,0.0285,5.2,189.06,0,2715,2,11,1,0,1,0,NULL,NULL,0,NULL,NULL,NULL,0.0,0.0,NULL,NULL,NULL,NULL,NULL,NULL,NULL,NULL,NULL,NULL,NULL,NULL,NULL,NULL,NULL,NULL,NULL,NULL,NULL,0
92,NULL,NULL,219,3,4,1,1.61,0.1784,4.88,101.51,0,2715,2,11,1,0,1,0,NULL,NULL,0,NULL,NULL,NULL,0.0,0.0,NULL,0.0,0.0,NULL,NULL,NULL,NULL,0.0,0.0,NULL,NULL,NULL,NULL,NULL,NULL,NULL,0.0,0.0,NULL,1
92,NULL,NULL,219,4,4.5,1,1.39,0.043,5.12,199.07,0,2715,2,11,1,0,1,0,NULL,NULL,0,NULL,NULL,NULL,0.0,0.0,NULL,NULL,NULL,NULL,NULL,NULL,NULL,NULL,NULL,NULL,NULL,NULL,NULL,NULL,NULL,NULL,NULL,NULL,NULL,0
92,NULL,NULL,219,3,4.5,1,1.95,0.0769,4.84,125.14,0,2715,2,11,1,0,1,0,NULL,NULL,0,NULL,NULL,NULL,NULL,NULL,NULL,NULL,NULL,NULL,NULL,NULL,NULL,NULL,NULL,NULL,NULL,NULL,NULL,NULL,NULL,NULL,NULL,NULL,NULL,0
92,NULL,NULL,219,3,4,1,1.95,0.0723,4.49,59.22,1,2715,2,11,1,0,1,0,NULL,NULL,0,NULL,NULL,NULL,NULL,NULL,NULL,NULL,NULL,NULL,NULL,NULL,NULL,NULL,NULL,NULL,NULL,NULL,NULL,NULL,NULL,NULL,NULL,NULL,NULL,0
92,NULL,NULL,219,3,4.5,0,1.79,0.0822,5.47,190.47,1,2715,2,11,1,0,1,0,NULL,NULL,0,NULL,NULL,NULL,NULL,NULL,NULL,NULL,NULL,NULL,NULL,NULL,NULL,NULL,NULL,NULL,NULL,NULL,NULL,NULL,NULL,NULL,NULL,NULL,NULL,0
92,NULL,NULL,219,2,4,1,0,0.0031,4.39,63.67,0,2715,2,11,1,0,1,0,NULL,NULL,0,NULL,NULL,NULL,0.0,0.0,NULL,0.0,0.0,NULL,NULL,NULL,NULL,NULL,NULL,NULL,NULL,NULL,NULL,NULL,NULL,NULL,0.0,0.0,NULL,0
92,NULL,NULL,219,3,4.5,1,0.69,0.0122,4.79,119.24,0,2715,2,11,1,0,1,0,NULL,NULL,0,NULL,NULL,NULL,0.0,0.0,15.0,1.0,0.0,27.0,NULL,NULL,NULL,NULL,NULL,NULL,NULL,NULL,NULL,NULL,NULL,NULL,0.0,0.0,14.0,0
92,NULL,NULL,219,2,4.5,1,1.95,0.0215,4.55,56.27,1,2715,2,11,1,0,1,0,NULL,NULL,0,NULL,NULL,NULL,NULL,NULL,NULL,NULL,NULL,NULL,NULL,NULL,NULL,NULL,NULL,NULL,NULL,NULL,NULL,NULL,NULL,NULL,NULL,NULL,NULL,0
92,NULL,NULL,219,3,4.5,1,1.79,0.0228,4.89,100.02,0,2715,2,11,1,0,1,0,NULL,NULL,0,NULL,NULL,NULL,0.0,0.0,NULL,NULL,NULL,NULL,NULL,NULL,NULL,NULL,NULL,NULL,NULL,NULL,NULL,NULL,NULL,NULL,NULL,NULL,NULL,0
92,NULL,NULL,219,3,4.5,1,1.95,0.0696,4.7,67.02,0,2715,2,11,1,0,1,0,NULL,NULL,0,NULL,NULL,NULL,NULL,NULL,NULL,NULL,NULL,NULL,NULL,NULL,NULL,NULL,NULL,NULL,NULL,NULL,NULL,NULL,NULL,NULL,NULL,NULL,NULL,0
92,NULL,NULL,219,3,4,1,0,0.0244,5.15,129.04,0,2715,2,11,1,0,1,0,NULL,NULL,0,NULL,NULL,NULL,0.0,0.0,NULL,NULL,NULL,NULL,NULL,NULL,NULL,NULL,NULL,NULL,NULL,NULL,NULL,NULL,NULL,NULL,NULL,NULL,NULL,0
92,NULL,NULL,219,3,4.5,1,0.69,0.007,5.37,164.06,0,2715,2,11,1,0,1,0,NULL,NULL,0,NULL,NULL,NULL,0.0,0.0,NULL,NULL,NULL,NULL,NULL,NULL,NULL,NULL,NULL,NULL,NULL,NULL,NULL,NULL,NULL,NULL,NULL,NULL,NULL,0
92,NULL,NULL,219,3,4,0,1.79,0.1788,4.69,76.27,1,2715,2,11,1,0,1,0,NULL,NULL,0,NULL,NULL,NULL,-1.0,0.0,22.0,NULL,NULL,NULL,NULL,NULL,NULL,NULL,NULL,NULL,NULL,NULL,NULL,NULL,NULL,NULL,-1.0,0.0,22.0,0
92,NULL,NULL,219,3,3.5,1,2.2,0.1489,4.79,104.29,1,2715,2,11,1,0,1,0,NULL,NULL,0,NULL,NULL,NULL,0.0,0.0,NULL,0.0,0.0,NULL,NULL,NULL,NULL,0.0,0.0,NULL,NULL,NULL,NULL,NULL,NULL,NULL,0.0,0.0,NULL,0
92,NULL,NULL,219,3,5,1,1.95,0.0083,5.12,122.04,0,2715,2,11,1,0,1,0,NULL,NULL,0,NULL,NULL,NULL,0.0,0.0,NULL,NULL,NULL,NULL,NULL,NULL,NULL,NULL,NULL,NULL,NULL,NULL,NULL,NULL,NULL,NULL,NULL,NULL,NULL,0
92,NULL,NULL,219,3,4.5,1,2.3,0.0181,5.02,120.04,0,2715,2,11,1,0,1,0,NULL,NULL,0,NULL,NULL,NULL,0.0,0.0,NULL,0.0,0.0,NULL,NULL,NULL,NULL,NULL,NULL,NULL,NULL,NULL,NULL,NULL,NULL,NULL,0.0,0.0,NULL,0
92,NULL,NULL,219,3,4.5,1,0,0.0197,5.11,152.15,0,2715,2,11,1,0,1,0,NULL,NULL,0,NULL,NULL,NULL,NULL,NULL,NULL,NULL,NULL,NULL,NULL,NULL,NULL,NULL,NULL,NULL,NULL,NULL,NULL,NULL,NULL,NULL,NULL,NULL,NULL,0
92,NULL,NULL,219,3,4.5,1,0,0.012,5.1,142.05,0,2715,2,11,1,0,1,0,NULL,NULL,0,NULL,NULL,NULL,0.0,0.0,NULL,0.0,0.0,NULL,NULL,NULL,NULL,NULL,NULL,NULL,NULL,NULL,NULL,NULL,NULL,NULL,0.0,0.0,NULL,0
92,NULL,NULL,219,3,5,1,1.95,0.0278,5.16,135,0,2715,2,11,1,0,1,0,NULL,NULL,0,NULL,NULL,NULL,NULL,NULL,NULL,NULL,NULL,NULL,NULL,NULL,NULL,NULL,NULL,NULL,NULL,NULL,NULL,NULL,NULL,NULL,NULL,NULL,NULL,0
92,NULL,NULL,219,2,4,1,0,0.0369,4.49,74.03,0,2715,2,11,1,0,1,0,NULL,NULL,0,NULL,NULL,NULL,NULL,NULL,NULL,NULL,NULL,NULL,NULL,NULL,NULL,NULL,NULL,NULL,NULL,NULL,NULL,NULL,NULL,NULL,NULL,NULL,NULL,0
92,NULL,NULL,219,3,4.5,1,0.69,0.0052,5.39,189.06,0,2715,2,11,1,0,1,0,NULL,NULL,0,NULL,NULL,NULL,0.0,0.0,NULL,NULL,NULL,NULL,NULL,NULL,NULL,NULL,NULL,NULL,NULL,NULL,NULL,NULL,NULL,NULL,NULL,NULL,NULL,0
92,NULL,NULL,219,4,4.5,1,1.39,0.0442,5.15,240.03,0,2715,2,11,1,0,1,0,NULL,NULL,0,NULL,NULL,NULL,0.0,0.0,NULL,NULL,NULL,NULL,NULL,NULL,NULL,NULL,NULL,NULL,NULL,NULL,NULL,NULL,NULL,NULL,NULL,NULL,NULL,0
92,NULL,NULL,219,3,4.5,0,0.69,0.0031,5,97.5,1,2715,2,11,1,0,1,0,NULL,NULL,0,NULL,NULL,NULL,NULL,NULL,NULL,0.0,0.0,NULL,NULL,NULL,NULL,NULL,NULL,NULL,NULL,NULL,NULL,NULL,NULL,NULL,0.0,0.0,NULL,0
92,NULL,NULL,219,2,3.5,1,2.2,0.1025,4.48,75.03,0,2715,2,11,1,0,1,0,NULL,NULL,0,NULL,NULL,NULL,-1.0,0.0,6.0,-1.0,0.0,6.0,NULL,NULL,NULL,0.0,0.0,NULL,NULL,NULL,NULL,NULL,NULL,NULL,-1.0,0.0,6.0,0
92,NULL,NULL,219,3,4.5,1,1.95,0.0663,5.2,135,0,2715,2,11,1,0,1,0,NULL,NULL,0,NULL,NULL,NULL,NULL,NULL,NULL,NULL,NULL,NULL,NULL,NULL,NULL,NULL,NULL,NULL,NULL,NULL,NULL,NULL,NULL,NULL,NULL,NULL,NULL,0
219,NULL,NULL,219,3,4,1,1.61,NULL,4.66,135,0,24361,1,7,2,2,1,1,NULL,43.34,0,NULL,NULL,NULL,NULL,NULL,NULL,NULL,NULL,NULL,NULL,NULL,NULL,0.0,0.0,NULL,NULL,NULL,NULL,NULL,NULL,NULL,NULL,NULL,NULL,0
219,NULL,NULL,219,0,5,0,0.69,NULL,4.34,319,0,24361,1,7,2,2,1,1,NULL,59.46,0,NULL,NULL,NULL,NULL,NULL,NULL,NULL,NULL,NULL,NULL,NULL,NULL,NULL,NULL,NULL,NULL,NULL,NULL,NULL,NULL,NULL,NULL,NULL,NULL,0
219,NULL,NULL,219,2,3.5,1,1.61,NULL,4.4,104,0,24361,1,7,2,2,1,1,NULL,43.43,0,NULL,NULL,NULL,NULL,NULL,NULL,NULL,NULL,NULL,NULL,NULL,NULL,NULL,NULL,NULL,NULL,NULL,NULL,NULL,NULL,NULL,0.0,0.0,NULL,0
219,NULL,NULL,219,2,2,1,1.39,0.1427,4.18,70,0,24361,1,7,2,2,1,1,NULL,55.49,0,NULL,NULL,NULL,NULL,NULL,NULL,0.0,0.0,NULL,NULL,NULL,NULL,NULL,NULL,NULL,NULL,NULL,NULL,NULL,NULL,NULL,0.0,0.0,NULL,0
219,NULL,NULL,219,2,4.5,1,0,NULL,4.83,149,0,24361,1,7,2,2,1,1,NULL,51.4,0,NULL,NULL,NULL,0.0,0.0,NULL,0.0,0.0,NULL,NULL,NULL,NULL,NULL,NULL,NULL,NULL,NULL,NULL,NULL,NULL,NULL,0.0,0.0,NULL,0
219,NULL,NULL,219,2,3.5,1,1.39,NULL,4.36,127,0,24361,1,7,2,2,1,1,NULL,56.06,0,NULL,NULL,NULL,NULL,NULL,NULL,NULL,NULL,NULL,NULL,NULL,NULL,NULL,NULL,NULL,NULL,NULL,NULL,NULL,NULL,NULL,0.0,0.0,NULL,0
219,NULL,NULL,219,3,4,1,1.79,NULL,5,189,0,24361,1,7,2,2,1,1,NULL,55.36,0,NULL,NULL,NULL,0.0,0.0,NULL,0.0,0.0,NULL,NULL,NULL,NULL,0.0,1.0,NULL,NULL,NULL,NULL,NULL,NULL,NULL,0.0,0.0,NULL,0
219,NULL,NULL,219,3,4,1,0,NULL,4.93,155,0,24361,1,7,2,2,1,1,NULL,50.27,0,NULL,NULL,NULL,NULL,NULL,NULL,NULL,NULL,NULL,NULL,NULL,NULL,NULL,NULL,NULL,NULL,NULL,NULL,NULL,NULL,NULL,0.0,0.0,NULL,0
219,NULL,NULL,219,3,4.5,1,1.61,NULL,4.66,128,0,24361,1,7,2,2,1,1,NULL,42.87,0,NULL,NULL,NULL,NULL,NULL,NULL,NULL,NULL,NULL,NULL,NULL,NULL,0.0,0.0,NULL,NULL,NULL,NULL,NULL,NULL,NULL,0.0,0.0,NULL,0
219,NULL,NULL,219,3,3,1,1.79,NULL,4.64,155,0,24361,1,7,2,2,1,1,NULL,55.69,0,NULL,NULL,NULL,0.0,0.0,NULL,0.0,0.0,NULL,NULL,NULL,NULL,NULL,NULL,NULL,NULL,NULL,NULL,NULL,NULL,NULL,0.0,0.0,NULL,0
219,NULL,NULL,219,2,4,1,1.61,0.282,4.52,89,0,24361,1,7,2,2,1,1,NULL,55.26,0,NULL,NULL,NULL,NULL,NULL,NULL,0.0,0.0,NULL,NULL,NULL,NULL,NULL,NULL,NULL,NULL,NULL,NULL,NULL,NULL,NULL,0.0,0.0,NULL,0
219,NULL,NULL,219,2,4,1,0,0.2801,4.13,75,0,24361,1,7,2,2,1,1,NULL,57.36,0,NULL,NULL,NULL,NULL,NULL,NULL,NULL,NULL,NULL,NULL,NULL,NULL,NULL,NULL,NULL,NULL,NULL,NULL,NULL,NULL,NULL,-1.0,0.0,38.0,0
219,NULL,NULL,219,2,2.5,1,1.79,0.0448,4.49,60,0,24361,1,7,2,2,1,1,NULL,54.46,0,NULL,NULL,NULL,NULL,NULL,NULL,NULL,NULL,NULL,NULL,NULL,NULL,NULL,NULL,NULL,NULL,NULL,NULL,NULL,NULL,NULL,NULL,NULL,NULL,0
219,NULL,NULL,219,3,4.5,1,0,NULL,4.75,179,0,24361,1,7,2,2,1,1,NULL,53.72,0,NULL,NULL,NULL,NULL,NULL,NULL,NULL,NULL,NULL,NULL,NULL,NULL,NULL,NULL,NULL,NULL,NULL,NULL,NULL,NULL,NULL,0.0,0.0,4.0,0
219,NULL,NULL,219,0,2,1,0.69,NULL,4.05,76,0,24361,1,7,2,2,1,1,NULL,45.8,0,NULL,NULL,NULL,NULL,NULL,NULL,1.0,0.0,10.0,NULL,NULL,NULL,NULL,NULL,NULL,NULL,NULL,NULL,NULL,NULL,NULL,1.0,0.0,10.0,0
219,NULL,NULL,219,2,3.5,1,1.1,NULL,4.34,429,0,24361,1,7,2,2,1,1,NULL,51.87,0,NULL,NULL,NULL,NULL,NULL,NULL,NULL,NULL,NULL,NULL,NULL,NULL,NULL,NULL,NULL,NULL,NULL,NULL,NULL,NULL,NULL,-1.0,0.0,67.0,0
219,NULL,NULL,219,2,3.5,1,1.1,0.3217,4.05,55,0,24361,1,7,2,2,1,1,NULL,53.92,0,NULL,NULL,NULL,NULL,NULL,NULL,0.0,0.0,NULL,NULL,NULL,NULL,NULL,NULL,NULL,NULL,NULL,NULL,NULL,NULL,NULL,0.0,0.0,NULL,1
219,NULL,NULL,219,2,3,1,0,NULL,4.18,66,0,24361,1,7,2,2,1,1,NULL,44.47,0,NULL,NULL,NULL,NULL,NULL,NULL,NULL,NULL,NULL,NULL,NULL,NULL,1.0,0.0,5.0,NULL,NULL,NULL,NULL,NULL,NULL,0.0,0.0,NULL,0
219,NULL,NULL,219,3,4,1,1.79,NULL,4.65,179,0,24361,1,7,2,2,1,1,NULL,55.21,0,NULL,NULL,NULL,0.0,0.0,NULL,0.0,0.0,NULL,NULL,NULL,NULL,NULL,NULL,NULL,NULL,NULL,NULL,NULL,NULL,NULL,0.0,0.0,NULL,0
219,NULL,NULL,219,2,3.5,0,0.69,NULL,4.31,107,0,24361,1,7,2,2,1,1,NULL,46.54,0,NULL,NULL,NULL,NULL,NULL,NULL,NULL,NULL,NULL,NULL,NULL,NULL,NULL,NULL,NULL,NULL,NULL,NULL,NULL,NULL,NULL,0.0,0.0,NULL,0
220,NULL,NULL,98,3,4.5,0,4.37,0.1573,4.31,58.12,0,6753,2,90,2,0,1,0,NULL,NULL,1,NULL,NULL,NULL,NULL,NULL,NULL,NULL,NULL,NULL,NULL,NULL,NULL,NULL,NULL,NULL,NULL,NULL,NULL,NULL,NULL,NULL,NULL,NULL,NULL,0
220,NULL,NULL,98,4,5,0,4.49,0.2697,4.48,91.32,0,6753,2,90,2,0,1,0,NULL,NULL,1,NULL,NULL,NULL,NULL,NULL,NULL,NULL,NULL,NULL,NULL,NULL,NULL,NULL,NULL,NULL,NULL,NULL,NULL,NULL,NULL,NULL,NULL,NULL,NULL,0
220,NULL,NULL,98,4,4,0,4.41,0.0922,4.39,40.47,0,6753,2,90,2,0,1,0,NULL,NULL,1,NULL,NULL,NULL,NULL,NULL,NULL,NULL,NULL,NULL,NULL,NULL,NULL,NULL,NULL,NULL,NULL,NULL,NULL,NULL,NULL,NULL,NULL,NULL,NULL,0
220,NULL,NULL,98,3,3.5,0,4.42,0.3606,4.36,64.34,0,6753,2,90,2,0,1,0,NULL,NULL,1,NULL,NULL,NULL,NULL,NULL,NULL,NULL,NULL,NULL,NULL,NULL,NULL,NULL,NULL,NULL,NULL,NULL,NULL,NULL,NULL,NULL,NULL,NULL,NULL,0
220,NULL,NULL,98,4,4,0,4.37,0.3224,4.55,77.83,1,6753,2,90,2,0,1,0,NULL,NULL,1,NULL,NULL,NULL,NULL,NULL,NULL,NULL,NULL,NULL,NULL,NULL,NULL,NULL,NULL,NULL,NULL,NULL,NULL,NULL,NULL,NULL,NULL,NULL,NULL,0
220,NULL,NULL,98,3,3,0,4.36,0.1865,3.9,36.32,0,6753,2,90,2,0,1,0,NULL,NULL,1,NULL,NULL,NULL,NULL,NULL,NULL,NULL,NULL,NULL,NULL,NULL,NULL,NULL,NULL,NULL,NULL,NULL,NULL,NULL,NULL,NULL,NULL,NULL,NULL,0
220,NULL,NULL,98,4,4,0,4.44,0.3723,4.34,52.93,0,6753,2,90,2,0,1,0,NULL,NULL,1,NULL,NULL,NULL,NULL,NULL,NULL,NULL,NULL,NULL,NULL,NULL,NULL,NULL,NULL,NULL,NULL,NULL,NULL,NULL,NULL,NULL,NULL,NULL,NULL,0
220,NULL,NULL,98,3,3.5,0,4.47,0.3945,4.09,28.02,0,6753,2,90,2,0,1,0,NULL,NULL,1,NULL,NULL,NULL,NULL,NULL,NULL,NULL,NULL,NULL,NULL,NULL,NULL,NULL,NULL,NULL,NULL,NULL,NULL,NULL,NULL,NULL,NULL,NULL,NULL,0
220,NULL,NULL,98,4,4.5,0,1.95,0.0067,4.91,70.57,1,6753,2,90,2,0,1,0,NULL,NULL,1,NULL,NULL,NULL,NULL,NULL,NULL,NULL,NULL,NULL,NULL,NULL,NULL,NULL,NULL,NULL,NULL,NULL,NULL,NULL,NULL,NULL,NULL,NULL,NULL,0
220,NULL,NULL,98,3,2.5,0,4.51,0.3523,4.16,41.51,0,6753,2,90,2,0,1,0,NULL,NULL,1,NULL,NULL,NULL,NULL,NULL,NULL,NULL,NULL,NULL,NULL,NULL,NULL,NULL,NULL,NULL,NULL,NULL,NULL,NULL,NULL,NULL,NULL,NULL,NULL,0
220,NULL,NULL,98,4,4,0,4.33,0.3334,4.59,74.72,0,6753,2,90,2,0,1,0,NULL,NULL,1,NULL,NULL,NULL,NULL,NULL,NULL,NULL,NULL,NULL,NULL,NULL,NULL,NULL,NULL,NULL,NULL,NULL,NULL,NULL,NULL,NULL,NULL,NULL,NULL,0
220,NULL,NULL,98,4,3.5,0,4.39,0.4086,4.25,56.04,0,6753,2,90,2,0,1,0,NULL,NULL,1,NULL,NULL,NULL,NULL,NULL,NULL,NULL,NULL,NULL,NULL,NULL,NULL,NULL,NULL,NULL,NULL,NULL,NULL,NULL,NULL,NULL,NULL,NULL,NULL,0
220,NULL,NULL,98,4,4,1,4.41,0.3659,4.66,89.25,1,6753,2,90,2,0,1,0,NULL,NULL,1,NULL,NULL,NULL,NULL,NULL,NULL,NULL,NULL,NULL,NULL,NULL,NULL,NULL,NULL,NULL,NULL,NULL,NULL,NULL,NULL,NULL,NULL,NULL,NULL,0
220,NULL,NULL,98,3,0,0,4.42,0.3362,4.2,45.66,0,6753,2,90,2,0,1,0,NULL,NULL,1,NULL,NULL,NULL,NULL,NULL,NULL,NULL,NULL,NULL,NULL,NULL,NULL,NULL,NULL,NULL,NULL,NULL,NULL,NULL,NULL,NULL,NULL,NULL,NULL,0
220,NULL,NULL,98,3,4,0,4.37,0.3209,4.1,44.62,1,6753,2,90,2,0,1,0,NULL,NULL,1,NULL,NULL,NULL,NULL,NULL,NULL,NULL,NULL,NULL,NULL,NULL,NULL,NULL,NULL,NULL,NULL,NULL,NULL,NULL,NULL,NULL,NULL,NULL,NULL,0
220,NULL,NULL,98,3,0,0,3.37,NULL,4.25,28.02,0,6753,2,90,2,0,1,0,NULL,NULL,1,NULL,NULL,NULL,NULL,NULL,NULL,NULL,NULL,NULL,NULL,NULL,NULL,NULL,NULL,NULL,NULL,NULL,NULL,NULL,NULL,NULL,NULL,NULL,NULL,0
220,NULL,NULL,98,4,4,1,4.26,0.1442,4.43,50.85,0,6753,2,90,2,0,1,0,NULL,NULL,1,NULL,NULL,NULL,NULL,NULL,NULL,NULL,NULL,NULL,NULL,NULL,NULL,NULL,NULL,NULL,NULL,NULL,NULL,NULL,NULL,NULL,NULL,NULL,NULL,0
220,NULL,NULL,98,4,4,1,4.28,0.2688,4.91,62.27,1,6753,2,90,2,0,1,0,NULL,NULL,1,NULL,NULL,NULL,NULL,NULL,NULL,NULL,NULL,NULL,NULL,NULL,NULL,NULL,NULL,NULL,NULL,NULL,NULL,NULL,NULL,NULL,NULL,NULL,NULL,0
220,NULL,NULL,98,3,4,0,4.45,0.2291,4.26,36.32,1,6753,2,90,2,0,1,0,NULL,NULL,1,NULL,NULL,NULL,NULL,NULL,NULL,NULL,NULL,NULL,NULL,NULL,NULL,NULL,NULL,NULL,NULL,NULL,NULL,NULL,NULL,NULL,NULL,NULL,NULL,0
220,NULL,NULL,98,4,4.5,1,4.28,0.0782,5.05,75.76,1,6753,2,90,2,0,1,0,NULL,NULL,1,NULL,NULL,NULL,NULL,NULL,NULL,NULL,NULL,NULL,NULL,NULL,NULL,NULL,NULL,NULL,NULL,NULL,NULL,NULL,NULL,NULL,NULL,NULL,NULL,0
220,NULL,NULL,98,3,3.5,0,4.06,0.0543,4.03,26.98,0,6753,2,90,2,0,1,0,NULL,NULL,1,NULL,NULL,NULL,NULL,NULL,NULL,NULL,NULL,NULL,NULL,NULL,NULL,NULL,NULL,NULL,NULL,NULL,NULL,NULL,NULL,NULL,NULL,NULL,NULL,0
220,NULL,NULL,98,4,4.5,0,4.34,0.399,4.34,60.19,0,6753,2,90,2,0,1,0,NULL,NULL,1,NULL,NULL,NULL,NULL,NULL,NULL,NULL,NULL,NULL,NULL,NULL,NULL,NULL,NULL,NULL,NULL,NULL,NULL,NULL,NULL,NULL,NULL,NULL,NULL,0
220,NULL,NULL,98,4,4,1,4.52,0.2955,4.35,58.12,1,6753,2,90,2,0,1,0,NULL,NULL,1,NULL,NULL,NULL,NULL,NULL,NULL,NULL,NULL,NULL,NULL,NULL,NULL,NULL,NULL,NULL,NULL,NULL,NULL,NULL,NULL,NULL,NULL,NULL,NULL,0
220,NULL,NULL,98,4,4,0,3.76,0.0863,4.6,66.42,0,6753,2,90,2,0,1,0,NULL,NULL,1,NULL,NULL,NULL,NULL,NULL,NULL,NULL,NULL,NULL,NULL,NULL,NULL,NULL,NULL,NULL,NULL,NULL,NULL,NULL,NULL,NULL,NULL,NULL,NULL,0
220,NULL,NULL,98,4,0,1,2.3,NULL,4.42,78.87,0,6753,2,90,2,0,1,0,NULL,NULL,1,NULL,NULL,NULL,NULL,NULL,NULL,NULL,NULL,NULL,NULL,NULL,NULL,NULL,NULL,NULL,NULL,NULL,NULL,NULL,NULL,NULL,NULL,NULL,NULL,0
220,NULL,NULL,98,5,4.5,0,4.29,0.1353,4.84,107.93,0,6753,2,90,2,0,1,0,NULL,NULL,1,NULL,NULL,NULL,NULL,NULL,NULL,NULL,NULL,NULL,NULL,NULL,NULL,NULL,NULL,NULL,NULL,NULL,NULL,NULL,NULL,NULL,NULL,NULL,NULL,0
220,NULL,NULL,98,4,3.5,0,4.44,0.3728,4.31,37.36,0,6753,2,90,2,0,1,0,NULL,NULL,1,NULL,NULL,NULL,NULL,NULL,NULL,NULL,NULL,NULL,NULL,NULL,NULL,NULL,NULL,NULL,NULL,NULL,NULL,NULL,NULL,NULL,NULL,NULL,NULL,0
220,NULL,NULL,98,3,4,0,4.25,0.2625,3.99,33.21,0,6753,2,90,2,0,1,0,NULL,NULL,1,NULL,NULL,NULL,NULL,NULL,NULL,NULL,NULL,NULL,NULL,NULL,NULL,NULL,NULL,NULL,NULL,NULL,NULL,NULL,NULL,NULL,NULL,NULL,NULL,0
220,NULL,NULL,98,3,3,0,4.42,0.3413,4.12,39.44,0,6753,2,90,2,0,1,0,NULL,NULL,1,NULL,NULL,NULL,NULL,NULL,NULL,NULL,NULL,NULL,NULL,NULL,NULL,NULL,NULL,NULL,NULL,NULL,NULL,NULL,NULL,NULL,NULL,NULL,NULL,0
220,NULL,NULL,98,4,3.5,0,4.38,0.317,4.46,67.46,1,6753,2,90,2,0,1,0,NULL,NULL,1,NULL,NULL,NULL,NULL,NULL,NULL,NULL,NULL,NULL,NULL,NULL,NULL,NULL,NULL,NULL,NULL,NULL,NULL,NULL,NULL,NULL,NULL,NULL,NULL,0
220,NULL,NULL,98,4,3.5,0,4.2,0.1512,4.61,28.02,0,6753,2,90,2,0,1,0,NULL,NULL,1,NULL,NULL,NULL,NULL,NULL,NULL,NULL,NULL,NULL,NULL,NULL,NULL,NULL,NULL,NULL,NULL,NULL,NULL,NULL,NULL,NULL,NULL,NULL,NULL,0
220,NULL,NULL,98,3,0,0,3.43,NULL,4.25,33.21,1,6753,2,90,2,0,1,0,NULL,NULL,1,NULL,NULL,NULL,NULL,NULL,NULL,NULL,NULL,NULL,NULL,NULL,NULL,NULL,NULL,NULL,NULL,NULL,NULL,NULL,NULL,NULL,NULL,NULL,NULL,0
100,NULL,NULL,100,2,4,1,1.61,0.1238,4.49,68.77,0,5740,1,87,2,0,1,1,NULL,55.71,0,NULL,NULL,NULL,NULL,NULL,NULL,NULL,NULL,NULL,NULL,NULL,NULL,NULL,NULL,NULL,NULL,NULL,NULL,NULL,NULL,NULL,NULL,NULL,NULL,0
100,NULL,NULL,100,0,3,0,1.1,0.0457,4.95,50.57,0,5740,1,87,2,0,1,1,NULL,57.57,0,NULL,NULL,NULL,NULL,NULL,NULL,NULL,NULL,NULL,NULL,NULL,NULL,NULL,NULL,NULL,NULL,NULL,NULL,NULL,NULL,NULL,NULL,NULL,NULL,0
100,NULL,NULL,100,2,0,0,0.69,0.0099,4.9,79.89,0,5740,1,87,2,0,1,1,NULL,54.69,0,NULL,NULL,NULL,NULL,NULL,NULL,NULL,NULL,NULL,NULL,NULL,NULL,NULL,NULL,NULL,NULL,NULL,NULL,NULL,NULL,NULL,NULL,NULL,NULL,0
100,NULL,NULL,100,0,4.5,0,1.1,0.0573,4.95,123.38,0,5740,1,87,2,0,1,1,NULL,57.84,0,NULL,NULL,NULL,NULL,NULL,NULL,NULL,NULL,NULL,NULL,NULL,NULL,NULL,NULL,NULL,NULL,NULL,NULL,NULL,NULL,NULL,NULL,NULL,NULL,0
100,NULL,NULL,100,2,3.5,0,0.69,0.0347,4.9,70.79,0,5740,1,87,2,0,1,1,NULL,55.95,0,NULL,NULL,NULL,NULL,NULL,NULL,NULL,NULL,NULL,NULL,NULL,NULL,NULL,NULL,NULL,NULL,NULL,NULL,NULL,NULL,NULL,NULL,NULL,NULL,0
100,NULL,NULL,100,2,4,1,0,0.2079,5.13,108.21,0,5740,1,87,2,0,1,1,NULL,57.57,0,NULL,NULL,NULL,NULL,NULL,NULL,NULL,NULL,NULL,NULL,NULL,NULL,NULL,NULL,NULL,NULL,NULL,NULL,NULL,NULL,NULL,NULL,NULL,NULL,1
100,NULL,NULL,100,2,4,1,1.39,0.147,4.82,104.17,0,5740,1,87,2,0,1,1,NULL,55.66,0,NULL,NULL,NULL,NULL,NULL,NULL,NULL,NULL,NULL,NULL,NULL,NULL,NULL,NULL,NULL,NULL,NULL,NULL,NULL,NULL,NULL,NULL,NULL,NULL,0
100,NULL,NULL,100,2,2.5,1,1.1,0.0693,4.9,80.91,0,5740,1,87,2,0,1,1,NULL,56.67,0,NULL,NULL,NULL,NULL,NULL,NULL,NULL,NULL,NULL,NULL,NULL,NULL,NULL,NULL,NULL,NULL,NULL,NULL,NULL,NULL,NULL,NULL,NULL,NULL,0
100,NULL,NULL,100,3,4.5,1,1.1,0.2574,5.11,147.65,0,5740,1,87,2,0,1,1,NULL,55.64,0,NULL,NULL,NULL,NULL,NULL,NULL,NULL,NULL,NULL,NULL,NULL,NULL,NULL,NULL,NULL,NULL,NULL,NULL,NULL,NULL,NULL,NULL,NULL,NULL,0
100,NULL,NULL,100,2,3.5,1,1.39,0.0666,4.37,70.79,0,5740,1,87,2,0,1,1,NULL,56.0,0,NULL,NULL,NULL,NULL,NULL,NULL,NULL,NULL,NULL,NULL,NULL,NULL,NULL,NULL,NULL,NULL,NULL,NULL,NULL,NULL,NULL,NULL,NULL,NULL,0
100,NULL,NULL,100,3,3,1,1.39,0.1367,5.08,135.52,0,5740,1,87,2,0,1,1,NULL,55.59,0,NULL,NULL,NULL,NULL,NULL,NULL,NULL,NULL,NULL,NULL,NULL,NULL,NULL,NULL,NULL,NULL,NULL,NULL,NULL,NULL,NULL,NULL,NULL,NULL,0
219,NULL,NULL,219,2,2,1,2.94,NULL,4.94,45,0,15066,1,11,2,0,1,0,NULL,114.93,1,NULL,NULL,NULL,0.0,0.0,NULL,NULL,NULL,NULL,NULL,NULL,NULL,0.0,0.0,NULL,NULL,NULL,NULL,NULL,NULL,NULL,0.0,0.0,NULL,0
219,NULL,NULL,219,2,2.5,1,2.71,NULL,4.73,37,0,15066,1,11,2,0,1,0,NULL,114.69,1,NULL,NULL,NULL,1.0,0.0,34.0,1.0,0.0,34.0,NULL,NULL,NULL,NULL,NULL,NULL,NULL,NULL,NULL,NULL,NULL,NULL,1.0,0.0,34.0,0
219,NULL,NULL,219,3,5,1,1.61,NULL,4.94,90,0,15066,1,11,2,0,1,0,NULL,115.66,1,NULL,NULL,NULL,NULL,NULL,NULL,NULL,NULL,NULL,NULL,NULL,NULL,NULL,NULL,NULL,NULL,NULL,NULL,NULL,NULL,NULL,0.0,0.0,NULL,0
219,NULL,NULL,219,2,2.5,1,2.89,NULL,4.93,40,0,15066,1,11,2,0,1,0,NULL,115.07,1,NULL,NULL,NULL,0.0,0.0,NULL,0.0,0.0,NULL,NULL,NULL,NULL,NULL,NULL,NULL,NULL,NULL,NULL,NULL,NULL,NULL,0.0,0.0,NULL,0
219,NULL,NULL,219,3,4,1,3.47,0.2393,4.75,69,1,15066,1,11,2,0,1,0,NULL,114.23,1,NULL,NULL,NULL,1.0,0.0,42.0,0.0,0.0,NULL,NULL,NULL,NULL,1.0,0.0,42.0,NULL,NULL,NULL,NULL,NULL,NULL,1.0,0.0,42.0,0
219,NULL,NULL,219,3,3.5,0,3.43,0.428,4.94,151,1,15066,1,11,2,0,1,0,NULL,114.04,1,NULL,NULL,NULL,0.0,0.0,NULL,0.0,0.0,NULL,NULL,NULL,NULL,NULL,NULL,NULL,NULL,NULL,NULL,NULL,NULL,NULL,NULL,NULL,NULL,0
219,NULL,NULL,219,4,3,1,3.74,0.1483,4.98,175,0,15066,1,11,2,0,1,0,NULL,114.34,1,NULL,NULL,NULL,0.0,0.0,NULL,0.0,0.0,NULL,NULL,NULL,NULL,NULL,1.0,NULL,NULL,NULL,NULL,NULL,NULL,NULL,0.0,0.0,NULL,0
219,NULL,NULL,219,4,4,0,3.09,0.2369,5.41,169,0,15066,1,11,2,0,1,0,NULL,114.92,1,NULL,NULL,NULL,0.0,0.0,NULL,0.0,0.0,NULL,NULL,NULL,NULL,0.0,0.0,NULL,NULL,NULL,NULL,NULL,NULL,NULL,0.0,0.0,NULL,0
219,NULL,NULL,219,2,3,1,3.43,NULL,4.85,49,0,15066,1,11,2,0,1,0,NULL,113.88,1,NULL,NULL,NULL,0.0,0.0,NULL,0.0,0.0,NULL,NULL,NULL,NULL,0.0,0.0,NULL,NULL,NULL,NULL,NULL,NULL,NULL,0.0,0.0,NULL,0
219,NULL,NULL,219,4,4,0,1.39,NULL,5.02,149,1,15066,1,11,2,0,1,0,NULL,112.86,1,NULL,NULL,NULL,1.0,0.0,17.0,0.0,0.0,NULL,NULL,NULL,NULL,0.0,0.0,NULL,NULL,NULL,NULL,NULL,NULL,NULL,0.0,0.0,NULL,0
219,NULL,NULL,219,4,4,0,3.43,0.4534,5.07,199,0,15066,1,11,2,0,1,0,NULL,113.9,1,NULL,NULL,NULL,0.0,0.0,NULL,0.0,0.0,NULL,NULL,NULL,NULL,NULL,NULL,NULL,NULL,NULL,NULL,NULL,NULL,NULL,0.0,0.0,NULL,0
219,NULL,NULL,219,2,3.5,1,3.5,NULL,5.04,90,0,15066,1,11,2,0,1,0,NULL,114.06,1,NULL,NULL,NULL,0.0,0.0,NULL,1.0,0.0,44.0,NULL,NULL,NULL,0.0,0.0,NULL,NULL,NULL,NULL,NULL,NULL,NULL,0.0,0.0,NULL,0
219,NULL,NULL,219,4,3.5,0,3.78,NULL,4.78,155,1,15066,1,11,2,0,1,0,NULL,114.48,1,NULL,NULL,NULL,1.0,0.0,5.0,0.0,0.0,NULL,NULL,NULL,NULL,NULL,NULL,NULL,NULL,NULL,NULL,NULL,NULL,NULL,1.0,0.0,3.0,0
219,NULL,NULL,219,3,3,0,3.09,0.2411,5.25,139,0,15066,1,11,2,0,1,0,NULL,114.88,1,NULL,NULL,NULL,0.0,0.0,NULL,0.0,0.0,NULL,NULL,NULL,NULL,0.0,0.0,NULL,NULL,NULL,NULL,NULL,NULL,NULL,0.0,0.0,NULL,0
219,NULL,NULL,219,4,4,1,3.37,0.3136,4.87,165,0,15066,1,11,2,0,1,0,NULL,113.78,1,NULL,NULL,NULL,0.0,0.0,NULL,0.0,0.0,NULL,NULL,NULL,NULL,1.0,0.0,207.0,NULL,NULL,NULL,NULL,NULL,NULL,0.0,0.0,NULL,0
219,NULL,NULL,219,4,3.5,0,3.26,NULL,5.13,130,0,15066,1,11,2,0,1,0,NULL,114.74,1,NULL,NULL,NULL,1.0,0.0,30.0,0.0,0.0,11.0,NULL,NULL,NULL,0.0,0.0,5.0,NULL,NULL,NULL,NULL,NULL,NULL,0.0,0.0,5.0,0
219,NULL,NULL,219,2,3.5,1,3.14,NULL,4.99,100,0,15066,1,11,2,0,1,0,NULL,114.83,1,NULL,NULL,NULL,0.0,0.0,NULL,0.0,0.0,NULL,NULL,NULL,NULL,-1.0,0.0,20.0,NULL,NULL,NULL,NULL,NULL,NULL,-1.0,0.0,20.0,0
219,NULL,NULL,219,3,3.5,1,3.04,NULL,4.85,50,0,15066,1,11,2,0,1,0,NULL,114.89,1,NULL,NULL,NULL,0.0,0.0,NULL,0.0,0.0,NULL,NULL,NULL,NULL,NULL,NULL,NULL,NULL,NULL,NULL,NULL,NULL,NULL,0.0,0.0,NULL,0
219,NULL,NULL,219,2,3.5,1,3.14,0.1997,4.93,110,0,15066,1,11,2,0,1,0,NULL,114.89,1,NULL,NULL,NULL,0.0,0.0,NULL,0.0,0.0,NULL,NULL,NULL,NULL,NULL,NULL,NULL,NULL,NULL,NULL,NULL,NULL,NULL,0.0,0.0,NULL,0
219,NULL,NULL,219,2,3.5,1,3.5,0.2018,5,59,0,15066,1,11,2,0,1,0,NULL,114.25,1,NULL,NULL,NULL,0.0,0.0,NULL,0.0,0.0,NULL,NULL,NULL,NULL,-1.0,0.0,6.0,NULL,NULL,NULL,NULL,NULL,NULL,-1.0,0.0,6.0,0
219,NULL,NULL,219,2,3.5,1,3.47,NULL,4.93,72,0,15066,1,11,2,0,1,0,NULL,114.02,1,NULL,NULL,NULL,0.0,0.0,NULL,0.0,0.0,17.0,NULL,NULL,NULL,0.0,0.0,NULL,NULL,NULL,NULL,NULL,NULL,NULL,0.0,0.0,NULL,0
219,NULL,NULL,219,1,3,0,3.43,NULL,4.99,50,0,15066,1,11,2,0,1,0,NULL,113.88,1,NULL,NULL,NULL,NULL,1.0,NULL,0.0,0.0,NULL,NULL,NULL,NULL,0.0,0.0,NULL,NULL,NULL,NULL,NULL,NULL,NULL,0.0,0.0,NULL,0
219,NULL,NULL,219,2,3,1,3.43,0.2965,4.91,49,0,15066,1,11,2,0,1,0,NULL,114.12,1,NULL,NULL,NULL,0.0,0.0,NULL,0.0,0.0,NULL,NULL,NULL,NULL,1.0,0.0,40.0,NULL,NULL,NULL,NULL,NULL,NULL,0.0,0.0,NULL,0
219,NULL,NULL,219,4,4,1,3.74,NULL,5.25,108,1,15066,1,11,2,0,1,0,NULL,114.08,1,NULL,NULL,NULL,-1.0,0.0,8.0,-1.0,0.0,8.0,NULL,NULL,NULL,NULL,1.0,NULL,NULL,NULL,NULL,NULL,NULL,NULL,-1.0,0.0,8.0,0
219,NULL,NULL,219,3,4.5,1,3.47,NULL,5.32,119,0,15066,1,11,2,0,1,0,NULL,113.97,1,NULL,NULL,NULL,0.0,0.0,NULL,0.0,0.0,NULL,NULL,NULL,NULL,NULL,NULL,NULL,NULL,NULL,NULL,NULL,NULL,NULL,0.0,0.0,NULL,0
219,NULL,NULL,219,2,3.5,1,3.43,0.4065,5.04,100,0,15066,1,11,2,0,1,0,NULL,113.98,1,NULL,NULL,NULL,0.0,0.0,NULL,0.0,0.0,NULL,NULL,NULL,NULL,NULL,NULL,NULL,NULL,NULL,NULL,NULL,NULL,NULL,0.0,0.0,NULL,0
219,NULL,NULL,219,2,2.5,0,3.47,NULL,4.88,38,0,15066,1,11,2,0,1,0,NULL,114.73,1,NULL,NULL,NULL,NULL,NULL,NULL,NULL,NULL,NULL,NULL,NULL,NULL,-1.0,0.0,13.0,NULL,NULL,NULL,NULL,NULL,NULL,-1.0,0.0,13.0,0
219,NULL,NULL,219,4,4,0,2.94,0.2599,5,99,0,15066,1,11,2,0,1,0,NULL,114.99,1,NULL,NULL,NULL,0.0,0.0,NULL,NULL,NULL,NULL,NULL,NULL,NULL,NULL,NULL,NULL,NULL,NULL,NULL,NULL,NULL,NULL,NULL,NULL,NULL,0
219,NULL,NULL,219,4,4,1,3.76,NULL,5.13,215,0,15066,1,11,2,0,1,0,NULL,114.38,1,NULL,NULL,NULL,0.0,0.0,NULL,0.0,0.0,NULL,NULL,NULL,NULL,NULL,1.0,NULL,NULL,NULL,NULL,NULL,NULL,NULL,0.0,0.0,NULL,0
219,NULL,NULL,219,2,3,0,3.4,NULL,4.93,300,0,15066,1,11,2,0,1,0,NULL,114.74,1,NULL,NULL,NULL,NULL,NULL,NULL,NULL,1.0,NULL,NULL,NULL,NULL,NULL,NULL,NULL,NULL,NULL,NULL,NULL,NULL,NULL,NULL,NULL,NULL,0
219,NULL,NULL,219,4,3.5,0,2.48,0.0389,5.2,99,1,15066,1,11,2,0,1,0,NULL,113.21,1,NULL,NULL,NULL,0.0,0.0,NULL,NULL,NULL,NULL,NULL,NULL,NULL,0.0,0.0,NULL,NULL,NULL,NULL,NULL,NULL,NULL,0.0,0.0,NULL,0
219,NULL,NULL,219,3,4,1,1.1,4.0E-4,4.94,129,0,15066,1,11,2,0,1,0,NULL,115.9,1,NULL,NULL,NULL,NULL,NULL,NULL,NULL,NULL,NULL,NULL,NULL,NULL,NULL,NULL,NULL,NULL,NULL,NULL,NULL,NULL,NULL,-1.0,0.0,3.0,0
55,NULL,NULL,55,4,4.5,0,5.06,0.0279,5.02,63.42,0,24752,1,1,1,0,1,0,NULL,NULL,0,NULL,NULL,NULL,NULL,NULL,NULL,NULL,NULL,NULL,NULL,NULL,NULL,NULL,NULL,NULL,NULL,NULL,NULL,NULL,NULL,NULL,NULL,NULL,NULL,0
55,NULL,NULL,55,4,4.5,0,5.14,0.155,5.46,126.83,1,24752,1,1,1,0,1,0,NULL,NULL,0,NULL,NULL,NULL,NULL,NULL,NULL,NULL,NULL,NULL,NULL,NULL,NULL,1.0,0.0,42.0,NULL,NULL,NULL,1.0,0.0,42.0,NULL,NULL,NULL,1
55,NULL,NULL,55,3,4,1,5.16,0.165,5.15,149.48,0,24752,1,1,1,0,1,0,NULL,NULL,0,NULL,NULL,NULL,NULL,NULL,NULL,NULL,NULL,NULL,NULL,NULL,NULL,0.0,0.0,10.0,NULL,NULL,NULL,1.0,0.0,20.0,NULL,NULL,NULL,0
55,NULL,NULL,55,5,5,1,5.36,0.1537,5.68,197.8,0,24752,1,1,1,0,1,0,NULL,NULL,0,NULL,NULL,NULL,NULL,NULL,NULL,NULL,NULL,NULL,NULL,NULL,NULL,1.0,0.0,25.0,NULL,NULL,NULL,1.0,0.0,25.0,NULL,NULL,NULL,0
55,NULL,NULL,55,5,4.5,0,5.07,0.0887,5.59,144.95,0,24752,1,1,1,0,1,0,NULL,NULL,0,NULL,NULL,NULL,NULL,NULL,NULL,NULL,NULL,NULL,NULL,NULL,NULL,-1.0,0.0,20.0,NULL,NULL,NULL,NULL,NULL,NULL,NULL,NULL,NULL,0
55,NULL,NULL,55,4,4,1,5.38,0.0693,5.43,243.09,0,24752,1,1,1,0,1,0,NULL,NULL,0,NULL,NULL,NULL,NULL,NULL,NULL,NULL,NULL,NULL,NULL,NULL,NULL,0.0,0.0,NULL,NULL,NULL,NULL,NULL,1.0,NULL,NULL,NULL,NULL,0
55,NULL,NULL,55,2,4,0,5.24,0.0635,4.94,80.02,0,24752,1,1,1,0,1,0,NULL,NULL,0,NULL,NULL,NULL,NULL,NULL,NULL,NULL,NULL,NULL,NULL,NULL,NULL,0.0,0.0,NULL,NULL,NULL,NULL,NULL,NULL,NULL,NULL,NULL,NULL,0
55,NULL,NULL,55,4,4.5,0,5.38,0.0612,5.65,194.78,0,24752,1,1,1,0,1,0,NULL,NULL,0,NULL,NULL,NULL,NULL,NULL,NULL,NULL,NULL,NULL,NULL,NULL,NULL,-1.0,0.0,10.0,NULL,NULL,NULL,NULL,NULL,NULL,NULL,NULL,NULL,0
55,NULL,NULL,55,3,4,0,4.91,0.0243,5.07,99.65,1,24752,1,1,1,0,1,0,NULL,NULL,0,NULL,NULL,NULL,NULL,NULL,NULL,NULL,NULL,NULL,NULL,NULL,NULL,1.0,0.0,42.0,NULL,NULL,NULL,1.0,0.0,42.0,NULL,NULL,NULL,0
55,NULL,NULL,55,3,3.5,0,5.32,0.0886,4.83,57.38,1,24752,1,1,1,0,1,0,NULL,NULL,0,NULL,NULL,NULL,NULL,NULL,NULL,NULL,NULL,NULL,NULL,NULL,NULL,1.0,0.0,42.0,NULL,NULL,NULL,1.0,0.0,66.0,NULL,NULL,NULL,0
55,NULL,NULL,55,4,4.5,0,5.12,0.0453,5.51,108.71,0,24752,1,1,1,0,1,0,NULL,NULL,0,NULL,NULL,NULL,NULL,NULL,NULL,NULL,NULL,NULL,NULL,NULL,NULL,0.0,0.0,NULL,NULL,NULL,NULL,NULL,NULL,NULL,NULL,NULL,NULL,0
55,NULL,NULL,55,4,4.5,1,5.34,0.1646,5.56,149.48,1,24752,1,1,1,0,1,0,NULL,NULL,0,NULL,NULL,NULL,NULL,NULL,NULL,NULL,NULL,NULL,NULL,NULL,NULL,1.0,0.0,2.0,1.0,0.0,13.0,1.0,0.0,13.0,NULL,NULL,NULL,0
55,NULL,NULL,55,4,4,1,5.16,0.1863,5.37,157.03,0,24752,1,1,1,0,1,0,NULL,NULL,0,NULL,NULL,NULL,NULL,NULL,NULL,NULL,NULL,NULL,NULL,NULL,NULL,0.0,0.0,NULL,0.0,0.0,NULL,0.0,0.0,NULL,NULL,NULL,NULL,0
55,NULL,NULL,55,4,4,0,5.08,0.0439,5.36,75.49,0,24752,1,1,1,0,1,0,NULL,NULL,0,NULL,NULL,NULL,NULL,NULL,NULL,NULL,NULL,NULL,NULL,NULL,NULL,0.0,0.0,NULL,NULL,NULL,NULL,NULL,NULL,NULL,NULL,NULL,NULL,0
55,NULL,NULL,55,3,4,0,5.13,0.0463,4.96,93.61,0,24752,1,1,1,0,1,0,NULL,NULL,0,NULL,NULL,NULL,NULL,NULL,NULL,NULL,NULL,NULL,NULL,NULL,NULL,1.0,0.0,2.0,NULL,NULL,NULL,NULL,NULL,NULL,NULL,NULL,NULL,0
55,NULL,NULL,55,4,4.5,0,5.08,0.0276,5.58,134.38,0,24752,1,1,1,0,1,0,NULL,NULL,0,NULL,NULL,NULL,NULL,NULL,NULL,NULL,NULL,NULL,NULL,NULL,NULL,-1.0,0.0,2.0,1.0,0.0,16.0,1.0,0.0,16.0,NULL,NULL,NULL,0
55,NULL,NULL,55,5,5,0,4.16,0.0021,5.89,188.74,0,24752,1,1,1,0,1,0,NULL,NULL,0,NULL,NULL,NULL,NULL,NULL,NULL,NULL,NULL,NULL,NULL,NULL,NULL,0.0,0.0,NULL,0.0,0.0,NULL,0.0,0.0,NULL,NULL,NULL,NULL,0
55,NULL,NULL,55,4,4.5,0,5.33,0.0929,5.39,270.27,0,24752,1,1,1,0,1,0,NULL,NULL,0,NULL,NULL,NULL,NULL,NULL,NULL,NULL,NULL,NULL,NULL,NULL,NULL,NULL,1.0,NULL,-1.0,0.0,8.0,-1.0,0.0,8.0,NULL,NULL,NULL,0
55,NULL,NULL,55,5,4.5,0,5.22,0.0202,5.6,132.87,0,24752,1,1,1,0,1,0,NULL,NULL,0,NULL,NULL,NULL,NULL,NULL,NULL,NULL,NULL,NULL,NULL,NULL,NULL,NULL,NULL,NULL,NULL,NULL,NULL,NULL,NULL,NULL,NULL,NULL,NULL,0
55,NULL,NULL,55,4,4.5,1,5.23,0.0904,5.46,104.18,0,24752,1,1,1,0,1,0,NULL,NULL,0,NULL,NULL,NULL,NULL,NULL,NULL,NULL,NULL,NULL,NULL,NULL,NULL,-1.0,0.0,9.0,NULL,NULL,NULL,NULL,NULL,NULL,NULL,NULL,NULL,0
55,NULL,NULL,55,4,4.5,1,4.97,0.0296,5.14,197.8,0,24752,1,1,1,0,1,0,NULL,NULL,0,NULL,NULL,NULL,NULL,NULL,NULL,NULL,NULL,NULL,NULL,NULL,NULL,0.0,0.0,NULL,0.0,0.0,NULL,0.0,0.0,NULL,NULL,NULL,NULL,0
55,NULL,NULL,55,5,4.5,1,5.35,0.0798,5.72,182.7,0,24752,1,1,1,0,1,0,NULL,NULL,0,NULL,NULL,NULL,NULL,NULL,NULL,NULL,NULL,NULL,NULL,NULL,NULL,0.0,0.0,NULL,NULL,NULL,NULL,NULL,NULL,NULL,NULL,NULL,NULL,0
55,NULL,NULL,55,4,5,0,5.37,0.0529,5.25,135.89,0,24752,1,1,1,0,1,0,NULL,NULL,0,NULL,NULL,NULL,NULL,NULL,NULL,NULL,NULL,NULL,NULL,NULL,NULL,-1.0,0.0,9.0,NULL,NULL,NULL,NULL,NULL,NULL,NULL,NULL,NULL,0
55,NULL,NULL,55,5,4.5,1,5.2,0.1715,6,226.48,0,24752,1,1,1,0,1,0,NULL,NULL,0,NULL,NULL,NULL,NULL,NULL,NULL,NULL,NULL,NULL,NULL,NULL,NULL,0.0,0.0,NULL,0.0,0.0,NULL,0.0,0.0,NULL,NULL,NULL,NULL,0
55,NULL,NULL,55,5,4.5,0,5.09,0.0384,5.53,93.61,1,24752,1,1,1,0,1,0,NULL,NULL,0,NULL,NULL,NULL,NULL,NULL,NULL,NULL,NULL,NULL,NULL,NULL,NULL,1.0,0.0,12.0,NULL,NULL,NULL,1.0,0.0,20.0,NULL,NULL,NULL,0
55,NULL,NULL,55,4,4,0,5.42,0.1134,5.41,150.99,0,24752,1,1,1,0,1,0,NULL,NULL,0,NULL,NULL,NULL,NULL,NULL,NULL,NULL,NULL,NULL,NULL,NULL,NULL,0.0,0.0,NULL,NULL,NULL,NULL,0.0,0.0,NULL,NULL,NULL,NULL,0
55,NULL,NULL,55,4,4.5,0,5.4,0.1208,5.23,120.79,0,24752,1,1,1,0,1,0,NULL,NULL,0,NULL,NULL,NULL,NULL,NULL,NULL,NULL,NULL,NULL,NULL,NULL,NULL,0.0,0.0,NULL,NULL,NULL,NULL,0.0,0.0,NULL,NULL,NULL,NULL,0
55,NULL,NULL,55,4,4.5,0,5.26,0.07,5.16,347.27,0,24752,1,1,1,0,1,0,NULL,NULL,0,NULL,NULL,NULL,NULL,NULL,NULL,NULL,NULL,NULL,NULL,NULL,NULL,-1.0,0.0,54.0,NULL,1.0,NULL,NULL,1.0,NULL,NULL,NULL,NULL,0
55,NULL,NULL,55,3,4,0,5.31,0.1475,5.19,73.98,0,24752,1,1,1,0,1,0,NULL,NULL,0,NULL,NULL,NULL,NULL,NULL,NULL,NULL,NULL,NULL,NULL,NULL,NULL,NULL,NULL,NULL,NULL,NULL,NULL,NULL,NULL,NULL,NULL,NULL,NULL,0
55,NULL,NULL,55,5,4.5,1,5.38,0.0767,5.63,240.07,0,24752,1,1,1,0,1,0,NULL,NULL,0,NULL,NULL,NULL,NULL,NULL,NULL,NULL,NULL,NULL,NULL,NULL,NULL,0.0,0.0,NULL,0.0,0.0,NULL,0.0,0.0,NULL,NULL,NULL,NULL,0
55,NULL,NULL,55,4,4.5,0,5.13,0.0456,5.46,93.61,1,24752,1,1,1,0,1,0,NULL,NULL,0,NULL,NULL,NULL,NULL,NULL,NULL,NULL,NULL,NULL,NULL,NULL,NULL,NULL,NULL,NULL,NULL,NULL,NULL,NULL,NULL,NULL,NULL,NULL,NULL,0
55,NULL,NULL,55,5,4.5,0,5.14,0.1585,5.5,123.81,0,24752,1,1,1,0,1,0,NULL,NULL,0,NULL,NULL,NULL,NULL,NULL,NULL,NULL,NULL,NULL,NULL,NULL,NULL,1.0,0.0,35.0,NULL,NULL,NULL,1.0,0.0,20.0,NULL,NULL,NULL,0
100,NULL,NULL,219,4,4.5,1,2.3,0.0499,5.27,174.11,0,10948,1,0,2,0,1,1,NULL,NULL,0,NULL,NULL,NULL,0.0,0.0,NULL,0.0,0.0,NULL,NULL,NULL,NULL,NULL,NULL,NULL,NULL,NULL,NULL,NULL,NULL,NULL,0.0,0.0,NULL,0
